METHOD,n,s_err,s_err2,s_abs,MAE,RMSE,BIAS,axis,season,MONTH,band,STN
fixed_lapse,4475234,171646.33724119444,6917335.276486304,3821781.52154352,0.85398,1.24326,0.03835,overall,,,,
none,4475234,-282015.7637385056,10937163.028116316,4812335.685895159,1.07533,1.56331,-0.06302,overall,,,,
fixed_lapse,1113474,39198.61229019629,1692092.9836738324,954407.600629161,0.85714,1.23274,0.0352,season,fall,,,
none,1113474,-75548.99526780963,2574127.5291715288,1180341.9230306407,1.06005,1.52046,-0.06785,season,fall,,,
fixed_lapse,1127189,64427.484717495194,2007076.7025771088,1013806.7699102534,0.89941,1.33439,0.05716,season,spring,,,
none,1127189,-46946.610019128944,2774594.1041235146,1219366.0382496861,1.08178,1.56892,-0.04165,season,spring,,,
fixed_lapse,1127036,47845.849057820036,1328964.0523866294,867064.3314672334,0.76933,1.08589,0.04245,season,summer,,,
none,1127036,-67249.63730386176,2442065.2034675684,1142871.4328096379,1.01405,1.47201,-0.05967,season,summer,,,
fixed_lapse,1107535,20174.391175682933,1889201.5378487334,986502.8195368723,0.89072,1.30605,0.01822,season,winter,,,
none,1107535,-92270.52114770525,3146376.1913537043,1269756.291805194,1.14647,1.68549,-0.08331,season,winter,,,
fixed_lapse,380218,6327.235553414466,658358.0271199971,340700.63281649404,0.89607,1.31588,0.01664,month,,202401,,
none,380218,-32636.02921910064,1039689.5388318159,429136.4635797833,1.12866,1.65362,-0.08584,month,,202401,,
fixed_lapse,343590,11303.214270222961,507034.4390238439,276591.2231712386,0.805,1.21478,0.0329,month,,202402,,
none,343590,-23423.469476203394,817582.131212722,359085.34373890527,1.0451,1.54257,-0.06817,month,,202402,,
fixed_lapse,379935,12158.353534426271,578484.0140779949,321395.61640729266,0.84592,1.23393,0.032,month,,202403,,
none,379935,-25902.845600555804,959369.3095159754,411801.14432157745,1.08387,1.58905,-0.06818,month,,202403,,
fixed_lapse,367209,28135.602753311992,729938.3220143334,343312.82941517717,0.93492,1.40989,0.07662,month,,202404,,
none,367209,-7968.2375953053715,835617.5393222673,385956.2876284548,1.05105,1.50851,-0.0217,month,,202404,,
fixed_lapse,380045,24133.52842975693,698654.3664847806,349098.3240877835,0.91857,1.35586,0.0635,month,,202405,,
none,380045,-13075.52682326777,979607.2552852717,421608.606299654,1.10936,1.60549,-0.03441,month,,202405,,
fixed_lapse,368890,24460.819358644025,582183.7354672108,324941.40648759773,0.88086,1.25627,0.06631,month,,202406,,
none,368890,-13092.208503109203,858804.6523539915,394591.4115991751,1.06967,1.5258,-0.03549,month,,202406,,
fixed_lapse,379897,11788.587792150423,351102.12135650124,254894.51296673674,0.67096,0.96136,0.03103,month,,202407,,
none,379897,-25951.776015624306,759805.2257739158,358612.01079538895,0.94397,1.41422,-0.06831,month,,202407,,
fixed_lapse,378249,11596.44190702559,395678.19556291733,287228.41201289895,0.75936,1.02278,0.03066,month,,202408,,
none,378249,-28205.65278512826,823455.3253396611,389668.0104150737,1.03019,1.47547,-0.07457,month,,202408,,
fixed_lapse,365943,11278.515995902515,371969.5633679239,270236.9545728873,0.73847,1.0082,0.03082,month,,202409,,
none,365943,-25435.185111620704,722758.4158217445,358924.6370155004,0.98082,1.40537,-0.06951,month,,202409,,
fixed_lapse,379353,15040.237623372297,584662.3699849399,324939.6499925027,0.85656,1.24145,0.03965,month,,202410,,
none,379353,-23976.791806870464,843595.161731184,396164.0503565116,1.04432,1.49123,-0.0632,month,,202410,,
fixed_lapse,368178,12879.858670921474,735461.0503209687,359230.996063771,0.9757,1.41335,0.03498,month,,202411,,
none,368178,-26137.01834931847,1007773.9516186005,425253.23565862875,1.15502,1.65445,-0.07099,month,,202411,,
fixed_lapse,383727,2543.941352045507,723809.0717048924,369210.9635491396,0.96217,1.37341,0.00663,month,,202412,,
none,383727,-36211.02245240122,1289104.5213091664,481534.48448650556,1.25489,1.83288,-0.09437,month,,202412,,
fixed_lapse,2736954,166251.60533125032,3546920.8877677284,2179514.13526049,0.79633,1.13839,0.06074,elev_band,,,0-100,
none,2736954,-660744.0711723581,4413578.517795753,2453924.4999642824,0.89659,1.26988,-0.24142,elev_band,,,0-100,
fixed_lapse,1388480,101141.57503957089,1937879.1922101732,1157181.5425237026,0.83342,1.18139,0.07284,elev_band,,,100-500,
none,1388480,-240526.31104622918,2873353.122000209,1478091.5058976538,1.06454,1.43855,-0.17323,elev_band,,,100-500,
fixed_lapse,349800,-95746.84312962675,1432535.1965084025,485085.8437593275,1.38675,2.02368,-0.27372,elev_band,,,500-inf,
none,349800,619254.6184800817,3650231.3883203543,880319.6800332225,2.51664,3.23036,1.77031,elev_band,,,500-inf,
fixed_lapse,8759,-7306.425791551442,41269.202025459635,13660.139256823892,1.55955,2.17063,-0.83416,station,,,,116
none,8759,22079.96000780689,90876.94334071668,25313.1664387748,2.88996,3.22107,2.52083,station,,,,116
fixed_lapse,8709,1590.0519857493478,18565.166826403387,9948.077852547922,1.14228,1.46004,0.18258,station,,,,160
none,8709,25190.678938175606,91102.66643991436,26060.179679099285,2.99233,3.23431,2.89249,station,,,,160
fixed_lapse,8740,-7720.601677702199,41952.11242583723,12855.637837217451,1.4709,2.19089,-0.88336,station,,,,175
none,8740,18812.0307891004,75625.12461629347,23252.14535439698,2.66043,2.94156,2.15241,station,,,,175
fixed_lapse,8745,2599.9065327443896,14718.918423181593,8029.700988586693,0.9182,1.29735,0.2973,station,,,,230
none,8745,2251.1833035329555,14522.261946090635,7999.615440853317,0.91476,1.28866,0.25743,station,,,,230
fixed_lapse,8753,855.2827890311298,9286.281058017837,6766.328753471486,0.77303,1.03001,0.09771,station,,,,296
none,8753,-2179.9379600374755,9740.540067658343,7571.208050624531,0.86498,1.0549,-0.24905,station,,,,296
fixed_lapse,8377,-3139.9830111099777,9547.73553345073,6713.846578802594,0.80146,1.06759,-0.37483,station,,,,300
none,8377,-1269.2661255661183,8563.095789398327,6298.031879439074,0.75182,1.01105,-0.15152,station,,,,300
fixed_lapse,8706,-599.6554186906257,4280.139347147685,4353.898393519947,0.5001,0.70116,-0.06888,station,,,,301
none,8706,-1379.065038982225,4476.083049060014,4483.005252813477,0.51493,0.71703,-0.1584,station,,,,301
fixed_lapse,8758,-482.0056223339618,5735.430427503396,4945.723253785416,0.56471,0.80925,-0.05504,station,,,,302
none,8758,-1823.876039800563,6092.708859205919,5024.27368981715,0.57368,0.83407,-0.20825,station,,,,302
fixed_lapse,8716,-1933.5660866577796,4773.760181748253,4667.206662990736,0.53548,0.74007,-0.22184,station,,,,304
none,8716,-1658.3696311929057,4661.036460770118,4592.849189883001,0.52694,0.73128,-0.19027,station,,,,304
fixed_lapse,8715,-6033.086429017464,10092.033377989015,7334.120951019177,0.84155,1.07611,-0.69226,station,,,,308
none,8715,-5822.7234206477215,9805.91555561629,7203.58213887012,0.82657,1.06074,-0.66813,station,,,,308
fixed_lapse,8760,6152.094330536225,12609.572521140512,8023.056573205415,0.91587,1.19977,0.70229,station,,,,309
none,8760,6237.523339570337,12720.312197775984,8074.608258712282,0.92176,1.20503,0.71205,station,,,,309
fixed_lapse,8751,8211.266655982561,36199.17367714201,13519.025587579445,1.54485,2.03386,0.93832,station,,,,310
none,8751,-4052.0806702673176,30101.649892106947,12800.417274141208,1.46274,1.85467,-0.46304,station,,,,310
fixed_lapse,8760,-1018.9205373084733,29404.85184579542,11860.295069148438,1.35391,1.83213,-0.11632,station,,,,311
none,8760,24384.289746806655,97172.48468273687,25708.267200608847,2.93473,3.33058,2.78359,station,,,,311
fixed_lapse,8760,1359.454731565447,8713.504568587738,6290.205194999457,0.71806,0.99734,0.15519,station,,,,312
none,8760,7384.444014513287,14725.665909009887,9009.137325866033,1.02844,1.29654,0.84297,station,,,,312
fixed_lapse,8757,-1492.8710696731625,5922.2520041172,5236.217633014621,0.59795,0.82237,-0.17048,station,,,,313
none,8757,-1543.2519517798055,5939.840667851295,5240.2418922401575,0.59841,0.82359,-0.17623,station,,,,313
fixed_lapse,8436,-9699.315602870467,65820.02097000914,17086.922357005304,2.02548,2.79326,-1.14975,station,,,,314
none,8436,42535.82607934937,269146.3008096256,43964.81285585785,5.21157,5.64841,5.04218,station,,,,314
fixed_lapse,8755,-9794.073456680086,73242.96115331563,19296.791955999248,2.20409,2.89238,-1.11868,station,,,,315
none,8755,33990.721606413616,194233.75063923077,36703.19182243928,4.19225,4.71014,3.88244,station,,,,315
fixed_lapse,8755,-10004.753751558186,83265.98133346121,19899.046453886836,2.27288,3.08394,-1.14275,station,,,,316
none,8755,36503.05100972475,224006.84484385618,39892.431820396356,4.55653,5.05828,4.16939,station,,,,316
fixed_lapse,8759,-1529.9942265222892,5419.597789407206,4701.076237333273,0.53671,0.7866,-0.17468,station,,,,317
none,8759,-4088.6115965014596,7068.872009451338,5505.203881319453,0.62852,0.89835,-0.46679,station,,,,317
fixed_lapse,8757,-3012.848331813264,22760.972641725224,10676.2854050781,1.21917,1.6122,-0.34405,station,,,,318
none,8757,15817.061583861552,50450.54477682908,18469.83828739278,2.10915,2.40024,1.80622,station,,,,318
fixed_lapse,8686,-5310.696619171667,63654.96410744382,17941.49042948397,2.06556,2.70711,-0.61141,station,,,,320
none,8686,44467.434806542675,288742.11987321154,45743.212025047505,5.26631,5.76561,5.11944,station,,,,320
fixed_lapse,8753,815.3459657671027,10078.787626655672,7277.514200186756,0.83143,1.07306,0.09315,station,,,,321
none,8753,-10633.4245122381,23709.477627614055,11946.393285965056,1.36483,1.64582,-1.21483,station,,,,321
fixed_lapse,8631,2994.4995318922665,9154.560656538428,6839.765593612732,0.79247,1.02988,0.34695,station,,,,322
none,8631,6150.561077763775,12400.329073142317,8367.391661509211,0.96946,1.19863,0.71261,station,,,,322
fixed_lapse,8741,640.9271362009196,12086.607440108139,7793.813033590332,0.89164,1.1759,0.07332,station,,,,323
none,8741,-5312.47198403233,15457.563694144115,9725.093605915405,1.11258,1.32981,-0.60776,station,,,,323
fixed_lapse,8760,-3677.1404511875376,10027.171879779555,7157.748640336176,0.81709,1.06989,-0.41976,station,,,,324
none,8760,-8590.766391842852,16898.49788272099,9933.64422810523,1.13398,1.3889,-0.98068,station,,,,324
fixed_lapse,8760,314.7932613557905,4971.711961379497,5085.937752847494,0.58059,0.75336,0.03594,station,,,,325
none,8760,3031.047533069647,6012.040314562872,5643.438469555686,0.64423,0.82844,0.34601,station,,,,325
fixed_lapse,8759,782.8607400875137,13453.73431226263,8108.71232638317,0.92576,1.23935,0.08938,station,,,,326
none,8759,5384.5525290113455,16724.119808784977,9634.910007903085,1.1,1.3818,0.61475,station,,,,326
fixed_lapse,8760,-6746.693107137838,14377.271449617667,8342.735481602513,0.95237,1.28111,-0.77017,station,,,,327
none,8760,-6680.5203553788215,14266.658674947535,8304.006825949118,0.94795,1.27617,-0.76262,station,,,,327
fixed_lapse,8703,-2054.562022859244,6940.256177742882,6101.2550104575885,0.70105,0.893,-0.23608,station,,,,328
none,8703,-19829.02393141746,51455.4628153498,19893.71288317082,2.28585,2.43154,-2.27841,station,,,,328
fixed_lapse,8758,27.723955345543914,8896.350461085995,6834.589667318732,0.78038,1.00787,0.00317,station,,,,329
none,8758,-22618.15828402996,67601.06508377811,22762.7214504395,2.59908,2.77827,-2.58257,station,,,,329
fixed_lapse,8760,-3400.5489332206243,6222.431741029921,5823.1475779914035,0.66474,0.84281,-0.38819,station,,,,330
none,8760,-17401.02305898513,39459.91415437952,17493.242230872183,1.99695,2.12239,-1.98642,station,,,,330
fixed_lapse,1631,635.5061749776872,1012.8936178786807,939.0606915465199,0.57576,0.78805,0.38964,station,,,,331
none,1631,-175.76723483322252,730.9621204725735,807.3507538579008,0.495,0.66945,-0.10777,station,,,,331
fixed_lapse,336,471.5230128910258,1637.5564137709573,524.2727652295997,1.56034,2.20764,1.40334,station,,,,332
none,336,370.5162582312051,1384.4264909370959,481.1204486886336,1.43191,2.02986,1.10273,station,,,,332
fixed_lapse,336,-162.83000006732803,388.5234734994715,284.8803623217543,0.84786,1.07532,-0.48461,station,,,,333
none,336,-262.22828477985774,514.2677128347694,332.7746899327805,0.9904,1.23716,-0.78044,station,,,,333
fixed_lapse,336,-253.52419377427267,757.0482036280468,317.64374308185614,0.94537,1.50104,-0.75454,station,,,,334
none,336,-343.290027925417,915.7902796428318,370.76846883925856,1.10348,1.65093,-1.0217,station,,,,334
fixed_lapse,336,127.69754017572443,669.1011684159083,368.45830187342443,1.0966,1.41116,0.38005,station,,,,335
none,336,385.8442926436853,1051.8130618963987,488.3946903212531,1.45356,1.76929,1.14835,station,,,,335
fixed_lapse,336,82.61151446824283,213.31036437470607,205.10011202978234,0.61042,0.79678,0.24587,station,,,,336
none,336,-34.29588839895365,195.28510750027604,176.4636856870931,0.52519,0.76237,-0.10207,station,,,,336
fixed_lapse,335,-43.65891689465613,207.81915967015212,194.92997736690293,0.58188,0.78763,-0.13033,station,,,,337
none,335,-205.21328895247484,330.19942523517625,273.38789548702306,0.81608,0.99281,-0.61258,station,,,,337
fixed_lapse,336,271.39390216046587,599.0031710069751,349.77488992073273,1.041,1.3352,0.80772,station,,,,338
none,336,523.7289487303179,1191.5347949823251,541.9066756941075,1.61282,1.88314,1.55872,station,,,,338
fixed_lapse,336,335.4042257992227,609.0478579614971,370.70542077706034,1.10329,1.34634,0.99823,station,,,,339
none,336,550.1701530108661,1175.9106800401432,559.0808887484283,1.66393,1.87076,1.63741,station,,,,339
fixed_lapse,336,556.7630948326387,1352.7997791885502,565.4754163070537,1.68296,2.00654,1.65703,station,,,,340
none,336,445.9285289982529,1024.232655299124,474.91556557799396,1.41344,1.74594,1.32717,station,,,,340
fixed_lapse,1008,-537.8957143423786,694.0440986319697,659.9240463750551,0.65469,0.82978,-0.53363,station,,,,344
none,1008,-811.1065205965606,1059.690869288662,874.71626137481,0.86777,1.02532,-0.80467,station,,,,344
fixed_lapse,293,-99.97560453774537,232.57678799496637,204.15204471821684,0.69676,0.89094,-0.34121,station,,,,345
none,293,-280.00838173587425,466.0013712478875,314.8112865511696,1.07444,1.26113,-0.95566,station,,,,345
fixed_lapse,312,-321.47464342892727,689.947041644669,367.0598573671818,1.17647,1.48707,-1.03037,station,,,,346
none,312,-773.7215165907133,2277.4439610923537,779.5720642553144,2.49863,2.70176,-2.47988,station,,,,346
fixed_lapse,8752,-934.2077610617895,6022.320911546287,5093.666583817434,0.582,0.82952,-0.10674,station,,,,347
none,8752,1582.9222746609273,6200.6281430971485,5455.69067619111,0.62337,0.84171,0.18086,station,,,,347
fixed_lapse,8757,-4854.982046475807,15381.139939548751,9175.157254539059,1.04775,1.32531,-0.55441,station,,,,348
none,8757,-15342.984133468557,40040.28336739716,16410.383663829918,1.87397,2.13831,-1.75208,station,,,,348
fixed_lapse,8736,-4945.527295449725,12854.063922651287,7495.429639337048,0.85799,1.21301,-0.56611,station,,,,349
none,8736,2828.863289913077,11127.03856811922,7819.132964918282,0.89505,1.12858,0.32382,station,,,,349
fixed_lapse,8757,9749.57091865507,31055.22129431884,12573.528295835997,1.43583,1.88317,1.11335,station,,,,350
none,8757,30699.45365340008,128029.03274923642,30882.637336516644,3.52662,3.82364,3.5057,station,,,,350
fixed_lapse,7917,-2278.5874674501315,4797.356739933657,5011.09212434388,0.63295,0.77843,-0.28781,station,,,,364
none,7917,-2125.244843228704,4775.018053843239,4991.605510311842,0.63049,0.77662,-0.26844,station,,,,364
fixed_lapse,8506,-4116.163931356067,6035.423150476456,5192.617170617321,0.61047,0.84235,-0.48391,station,,,,367
none,8506,-3915.4149505304595,5843.89517934116,5106.999691427501,0.6004,0.82887,-0.46031,station,,,,367
fixed_lapse,8335,-3902.369978228055,7547.450502853707,6027.254704212342,0.72313,0.95158,-0.46819,station,,,,371
none,8335,-1707.6931504149586,6142.923951966313,5459.5001472740705,0.65501,0.85849,-0.20488,station,,,,371
fixed_lapse,8718,6206.482057740628,7751.0111835736025,6644.2004890761955,0.76212,0.94291,0.71192,station,,,,376
none,8718,5982.879158649349,7438.421336579979,6463.0339839998105,0.74134,0.9237,0.68627,station,,,,376
fixed_lapse,8758,16366.297338154787,79174.89982211174,17855.093778654336,2.03872,3.00671,1.86873,station,,,,377
none,8758,11403.43117946309,63428.80872007321,16628.388312023017,1.89865,2.69117,1.30206,station,,,,377
fixed_lapse,8760,-3973.6434278009974,7271.392149235603,6424.856336171277,0.73343,0.91108,-0.45361,station,,,,378
none,8760,-9091.101057043466,14905.801631683504,9832.739141821416,1.12246,1.30444,-1.0378,station,,,,378
fixed_lapse,8759,4102.607520968555,12414.892381067668,7863.21226930163,0.89773,1.19054,0.46839,station,,,,379
none,8759,-4357.697072031029,12660.709837896684,8561.998100587945,0.97751,1.20227,-0.49751,station,,,,379
fixed_lapse,8739,2374.4823979457474,5807.938447373843,5010.443011715469,0.57334,0.81523,0.27171,station,,,,400
none,8739,331.54991984597063,5146.740228499762,4742.063483516513,0.54263,0.76742,0.03794,station,,,,400
fixed_lapse,8720,-1430.5428906244626,3158.643425877171,4021.031021966523,0.46113,0.60186,-0.16405,station,,,,401
none,8720,-4881.872806540149,5698.007940642468,5670.503195476141,0.65029,0.80836,-0.55985,station,,,,401
fixed_lapse,8754,-2616.9871277162592,3935.6879274953567,4491.578232339998,0.51309,0.67051,-0.29895,station,,,,402
none,8754,-1246.7184124218886,3326.7862529388854,4118.794844689037,0.4705,0.61647,-0.14242,station,,,,402
fixed_lapse,8718,-5579.480270389797,8121.232848667744,6731.4574119125455,0.77213,0.96517,-0.64,station,,,,403
none,8718,-3872.554146581196,6262.175750708041,5696.2490894077055,0.65339,0.84753,-0.4442,station,,,,403
fixed_lapse,8712,-2844.10440571002,3367.091528890156,4209.936522054041,0.48323,0.62168,-0.32646,station,,,,404
none,8712,-4878.002815003225,5164.839500867323,5540.655742675286,0.63598,0.76996,-0.55992,station,,,,404
fixed_lapse,8707,25.17231984999023,1465.6584772988247,2776.9766476001887,0.31894,0.41028,0.00289,station,,,,405
none,8707,-994.5456234866741,1581.1503980885382,2931.95047046927,0.33673,0.42614,-0.11422,station,,,,405
fixed_lapse,8693,-1091.3095947613554,9187.504525415738,6811.812146809076,0.7836,1.02805,-0.12554,station,,,,406
none,8693,-2039.5706497179049,9528.984278779628,7023.012812402076,0.80789,1.04698,-0.23462,station,,,,406
fixed_lapse,8707,9592.093628327917,36218.76480949202,11882.87701993655,1.36475,2.03954,1.10165,station,,,,407
none,8707,8290.40422560978,33556.20998308442,11517.901511373833,1.32283,1.96314,0.95215,station,,,,407
fixed_lapse,8755,-2774.247736736805,2200.6377590966877,3464.9249850266565,0.39577,0.50136,-0.31688,station,,,,408
none,8755,-2840.390613891493,2243.010539755113,3507.670498022482,0.40065,0.50616,-0.32443,station,,,,408
fixed_lapse,8755,-3769.5168638193563,5074.999723359794,5018.216790038897,0.57318,0.76136,-0.43056,station,,,,409
none,8755,-4273.543561732697,5542.845358640336,5299.608285930721,0.60532,0.79568,-0.48813,station,,,,409
fixed_lapse,8760,7426.8578299124365,11468.022266673557,8325.477160034336,0.9504,1.14417,0.84781,station,,,,410
none,8760,6948.318103661164,10695.169493225125,7993.211329282235,0.91247,1.10495,0.79319,station,,,,410
fixed_lapse,8372,-3201.943790595214,4105.178644398302,4419.9047157987025,0.52794,0.70025,-0.38246,station,,,,411
none,8372,-1442.9837739556685,3131.6018060950855,3824.3522149423748,0.4568,0.6116,-0.17236,station,,,,411
fixed_lapse,8751,6201.459967292507,9494.988282224398,7351.85866800904,0.84012,1.04164,0.70866,station,,,,412
none,8751,6782.64994349915,10357.773976814457,7780.696175323624,0.88912,1.08794,0.77507,station,,,,412
fixed_lapse,8602,-607.4603649134066,1472.3011702042386,2734.1698793212922,0.31785,0.41371,-0.07062,station,,,,413
none,8602,-1715.867713024761,1765.7343105885498,3058.956099664053,0.35561,0.45307,-0.19947,station,,,,413
fixed_lapse,8742,-3670.6713886721755,6724.391878164338,5847.833220832631,0.66894,0.87704,-0.41989,station,,,,414
none,8742,-886.5231243617545,5272.900327366143,5355.479491881937,0.61261,0.77664,-0.10141,station,,,,414
fixed_lapse,8527,-4428.852696064481,7159.391165311975,6038.052310802939,0.70811,0.9163,-0.51939,station,,,,415
none,8527,-6260.558342104603,9464.32763514433,7246.007107930124,0.84977,1.05353,-0.7342,station,,,,415
fixed_lapse,8750,9625.860385386444,28405.629476983755,11917.044865876596,1.36195,1.80177,1.1001,station,,,,416
none,8750,8236.141590708472,25562.808224120112,11112.996526254552,1.27006,1.70923,0.94127,station,,,,416
fixed_lapse,8758,-5577.032538532206,5404.262192484185,5867.357659507934,0.66994,0.78554,-0.63679,station,,,,417
none,8758,-8734.167939138051,10570.40230780506,8781.078818649416,1.00264,1.09861,-0.99728,station,,,,417
fixed_lapse,8683,-1069.5297192174012,5545.988456258295,5561.97262059154,0.64056,0.7992,-0.12318,station,,,,418
none,8683,-4072.806472157227,7328.955049765664,6835.514356347466,0.78723,0.91873,-0.46906,station,,,,418
fixed_lapse,8759,639.517212314001,6284.755829679016,5863.498194631346,0.66943,0.84707,0.07301,station,,,,419
none,8759,12809.906385052846,24976.24026151833,13451.427574869187,1.53573,1.68864,1.46249,station,,,,419
fixed_lapse,8760,113.70275239000284,2456.6739428114042,3587.511282951732,0.40953,0.52957,0.01298,station,,,,421
none,8760,-2383.30579144402,3112.84343530469,4198.936939091105,0.47933,0.59611,-0.27207,station,,,,421
fixed_lapse,8552,-1906.0374639343934,4186.564666406029,4467.9395953438325,0.52244,0.69967,-0.22288,station,,,,423
none,8552,-891.6665259255171,3852.4081916852256,4219.442237510099,0.49339,0.67117,-0.10426,station,,,,423
fixed_lapse,8760,3837.4930266242573,6727.827452082178,6034.127622142323,0.68883,0.87637,0.43807,station,,,,424
none,8760,2862.6425867479866,5983.494332312375,5641.65315105807,0.64402,0.82647,0.32679,station,,,,424
fixed_lapse,8757,3565.074057199602,8457.120729424201,6482.183488325265,0.74023,0.98273,0.40711,station,,,,425
none,8757,-2327.8846404056026,7633.971532816057,6542.526265523362,0.74712,0.93368,-0.26583,station,,,,425
fixed_lapse,8760,-10384.777684028439,16472.265017195783,10757.458974273422,1.22802,1.37128,-1.18548,station,,,,427
none,8760,-11549.830755085408,19388.2932140225,11853.502463068833,1.35314,1.48771,-1.31847,station,,,,427
fixed_lapse,8751,-5117.694659478485,7464.424790921305,6242.023902099917,0.71329,0.92357,-0.58481,station,,,,428
none,8751,-5500.375347609717,7914.812041745967,6502.097996936096,0.74301,0.95102,-0.62854,station,,,,428
fixed_lapse,8683,6492.144633426507,14437.758939416472,9737.98577219473,1.1215,1.28948,0.74768,station,,,,433
none,8683,5495.071959181215,13055.034316819012,9229.095475431533,1.06289,1.22618,0.63285,station,,,,433
fixed_lapse,7946,-7202.974786600841,14994.01778186622,8666.263151880154,1.09064,1.37368,-0.90649,station,,,,434
none,7946,-10737.688690382203,22999.88848740695,11198.206117487725,1.40929,1.70133,-1.35133,station,,,,434
fixed_lapse,8607,-7324.866548137427,8105.177938747574,7424.36906180005,0.8626,0.97041,-0.85104,station,,,,437
none,8607,-8129.078268028998,9550.522798445492,8193.015452729742,0.9519,1.05339,-0.94447,station,,,,437
fixed_lapse,8334,-7782.970865623593,14599.244066353089,8376.500036741696,1.0051,1.32354,-0.93388,station,,,,438
none,8334,-8401.35619373155,15821.385336566012,8853.20725987667,1.0623,1.37783,-1.00808,station,,,,438
fixed_lapse,8371,1967.2479178723959,2364.6977273356792,3437.0807767484266,0.41059,0.53149,0.23501,station,,,,441
none,8371,1968.8327607293045,2365.804690692389,3438.3548451521424,0.41075,0.53162,0.2352,station,,,,441
fixed_lapse,8667,7328.798576148807,10447.478674022883,7954.307902942362,0.91777,1.09792,0.8456,station,,,,444
none,8667,7354.681702068815,10490.739569717429,7975.887095029085,0.92026,1.10019,0.84858,station,,,,444
fixed_lapse,8659,6741.40425357725,11294.376828116638,7595.670730743113,0.8772,1.14208,0.77854,station,,,,445
none,8659,5419.366156342753,9448.42456214995,6772.319819214856,0.78211,1.04459,0.62587,station,,,,445
fixed_lapse,8329,-6656.275334660883,13996.565467001357,8507.807324811127,1.02147,1.29633,-0.79917,station,,,,446
none,8329,-7808.768493712748,16001.370756372675,9218.073692019268,1.10674,1.38606,-0.93754,station,,,,446
fixed_lapse,8646,5057.536555061548,7681.212899900846,6195.286129056771,0.71655,0.94256,0.58496,station,,,,450
none,8646,5810.1820682272855,8632.344771072208,6638.96998532775,0.76787,0.99921,0.67201,station,,,,450
fixed_lapse,8731,-600.8578869677251,4797.6561986126435,4568.500130305372,0.52325,0.74128,-0.06882,station,,,,493
none,8731,-1202.8976579897328,4921.410993379872,4609.8947964064855,0.52799,0.75078,-0.13777,station,,,,493
fixed_lapse,8737,-7262.29269849345,13005.782630199634,7980.554511822999,0.91342,1.22008,-0.83121,station,,,,494
none,8737,-5478.420129185488,10403.645759546089,6860.417048112868,0.78521,1.09122,-0.62704,station,,,,494
fixed_lapse,8689,-466.668498527322,2131.952861782576,3215.7156552500765,0.37009,0.49534,-0.05371,station,,,,495
none,8689,-1605.9193456453122,2404.432922597922,3535.165136470449,0.40686,0.52604,-0.18482,station,,,,495
fixed_lapse,8735,3920.122587340215,9026.837126202045,6708.0413355037335,0.76795,1.01657,0.44878,station,,,,496
none,8735,-3592.651399079539,8749.140696896116,7412.892309575395,0.84864,1.00081,-0.41129,station,,,,496
fixed_lapse,8759,8509.950770975007,22981.948502973915,10187.847143523442,1.16313,1.61982,0.97157,station,,,,497
none,8759,18016.509658509713,51946.50362474879,18203.94877713184,2.07831,2.43529,2.05691,station,,,,497
fixed_lapse,8695,-6656.165488163072,37056.02978518404,13251.893801311016,1.52408,2.0644,-0.76552,station,,,,498
none,8695,32665.357021309126,154643.4190856504,33728.05719850538,3.87902,4.21727,3.7568,station,,,,498
fixed_lapse,8760,-87.05791621138587,4633.712864981682,4811.637869576251,0.54927,0.7273,-0.00994,station,,,,499
none,8760,-2423.0771200544104,5296.439618841823,5130.647321367179,0.58569,0.77757,-0.27661,station,,,,499
fixed_lapse,8443,1762.2472511372164,7288.566499987526,6098.9209416767135,0.72236,0.92912,0.20872,station,,,,500
none,8443,2658.1953001213164,7757.518966616964,6415.858864577948,0.7599,0.95855,0.31484,station,,,,500
fixed_lapse,8407,4531.420757184427,14950.424523036947,8093.111996487418,0.96266,1.33354,0.53901,station,,,,502
none,8407,2923.0396653723105,13525.356713221863,7756.1215498141755,0.92258,1.26839,0.34769,station,,,,502
fixed_lapse,8700,-3472.373665599225,7357.615365444375,5781.996160110953,0.6646,0.91962,-0.39912,station,,,,503
none,8700,-4089.78539658381,7895.297064404493,6083.620201596957,0.69927,0.95263,-0.47009,station,,,,503
fixed_lapse,8731,-4537.3971604887165,6678.262898878164,5750.330266973997,0.65861,0.87458,-0.51969,station,,,,504
none,8731,-4393.2247535363185,6532.4308810459215,5670.202133053782,0.64943,0.86498,-0.50318,station,,,,504
fixed_lapse,8751,-4331.07177303649,7265.2200675933855,5956.964612565798,0.68072,0.91116,-0.49492,station,,,,505
none,8751,115.80931375809092,5123.084758091864,4867.9433535630005,0.55627,0.76513,0.01323,station,,,,505
fixed_lapse,8756,1292.0347424079996,4962.078186224323,4863.537969673334,0.55545,0.7528,0.14756,station,,,,506
none,8756,-722.3089489294155,4830.5824561827885,4925.945945463293,0.56258,0.74276,-0.08249,station,,,,506
fixed_lapse,8756,-1170.6068445719334,3317.73682425833,3948.782004221571,0.45098,0.61556,-0.13369,station,,,,507
none,8756,-1474.9418529499246,3417.446443350941,4014.3939924891497,0.45847,0.62474,-0.16845,station,,,,507
fixed_lapse,8760,-453.9472962952694,10076.777841799549,6854.3164657528,0.78246,1.07253,-0.05182,station,,,,508
none,8760,6470.802427979644,14831.727400536245,9835.443103827567,1.12277,1.3012,0.73868,station,,,,508
fixed_lapse,8694,7501.007020233998,23808.841877234136,10257.355496218323,1.17982,1.65485,0.86278,station,,,,509
none,8694,-6431.628853837101,22089.10639923586,12203.86452176689,1.40371,1.59397,-0.73978,station,,,,509
fixed_lapse,8759,-5234.732045868059,4531.458169322658,5479.48890901548,0.62558,0.71927,-0.59764,station,,,,510
none,8759,-6487.445838393441,6208.398414597542,6621.269795323067,0.75594,0.8419,-0.74066,station,,,,510
fixed_lapse,8760,5014.467254691509,11518.218602821345,6721.089999143395,0.76725,1.14668,0.57243,station,,,,511
none,8760,3928.604241272752,10407.488825544951,6361.138868275976,0.72616,1.08999,0.44847,station,,,,511
fixed_lapse,8759,-3897.4198323529454,4321.980068742303,4886.601620515144,0.55789,0.70245,-0.44496,station,,,,512
none,8759,-4459.456486589473,4857.449484790031,5256.546870822159,0.60013,0.74469,-0.50913,station,,,,512
fixed_lapse,8521,725.2599959081681,6905.391327733957,5684.254727363131,0.66709,0.90022,0.08511,station,,,,513
none,8521,739.2341121810032,6899.301093487616,5685.774148453132,0.66727,0.89982,0.08675,station,,,,513
fixed_lapse,8760,7650.188024409338,24643.004014172737,9864.33286689251,1.12607,1.67724,0.87331,station,,,,514
none,8760,7015.488188430865,23629.278282203155,9601.66307615058,1.09608,1.64238,0.80085,station,,,,514
fixed_lapse,8720,2040.9665578005738,4026.814853309916,4407.461173505944,0.50544,0.67955,0.23406,station,,,,515
none,8720,798.5496940408442,3596.1408178114084,4155.917591632771,0.4766,0.64218,0.09158,station,,,,515
fixed_lapse,8757,-817.0335636604519,2532.261559370244,3387.799782688483,0.38687,0.53775,-0.0933,station,,,,516
none,8757,-2081.842630826454,2946.5814541964546,3770.991908155466,0.43063,0.58007,-0.23773,station,,,,516
fixed_lapse,8739,2735.5999660827065,17266.47521585688,10004.51467547727,1.14481,1.40563,0.31303,station,,,,517
none,8739,-20395.0879402067,63733.99399948732,20907.286540985842,2.39241,2.70057,-2.3338,station,,,,517
fixed_lapse,8760,-1747.2831636199774,17525.930293496258,8757.252944138425,0.99969,1.41445,-0.19946,station,,,,518
none,8760,-699.924432893885,17196.27374182998,8738.16730539224,0.99751,1.40109,-0.0799,station,,,,518
fixed_lapse,8529,8152.522511453606,32457.313642642275,12734.933301913508,1.49313,1.95078,0.95586,station,,,,519
none,8529,-467.48618545670547,25050.227029010428,11871.924890972368,1.39195,1.71379,-0.05481,station,,,,519
fixed_lapse,8720,4563.258451255801,23104.086526944942,10997.94532213548,1.26123,1.62774,0.52331,station,,,,520
none,8720,-9366.855963618635,40699.643155528065,14778.390369036673,1.69477,2.16041,-1.07418,station,,,,520
fixed_lapse,7631,-1536.7999446065426,5562.417716880478,4936.450348399505,0.64689,0.85377,-0.20139,station,,,,522
none,7631,-2459.5527823571438,6042.779440418326,5229.087130900696,0.68524,0.88987,-0.32231,station,,,,522
fixed_lapse,8747,7807.413888763348,24256.414508304777,10717.822990655672,1.22531,1.66527,0.89258,station,,,,523
none,8747,4056.6862798115476,19172.486648459995,9417.850428679301,1.07669,1.4805,0.46378,station,,,,523
fixed_lapse,8726,-3798.4102276486587,16080.507298808841,8471.888337865545,0.97088,1.35751,-0.4353,station,,,,524
none,8726,-17424.397806016746,49316.04046068571,17989.751145368944,2.06163,2.37731,-1.99684,station,,,,524
fixed_lapse,8652,-3192.0954853346707,5011.495978522931,5041.510757758891,0.5827,0.76107,-0.36894,station,,,,525
none,8652,-1423.5981998025252,4073.779803984984,4301.526215270289,0.49717,0.68618,-0.16454,station,,,,525
fixed_lapse,8749,-1595.955573359278,11926.891945838914,7759.080759222276,0.88685,1.16757,-0.18242,station,,,,526
none,8749,-13123.574937947385,31323.334205623556,14420.854699244317,1.64829,1.89215,-1.50001,station,,,,526
fixed_lapse,8695,1956.2110565779847,6212.157089160722,5627.461847132948,0.64721,0.84525,0.22498,station,,,,527
none,8695,-3055.976367443203,6859.7778072444,5979.353984305249,0.68768,0.88822,-0.35146,station,,,,527
fixed_lapse,8745,-589.1939747247241,16704.653495336206,8838.378413539476,1.01068,1.3821,-0.06737,station,,,,529
none,8745,-10353.209686256741,28924.5234850205,12674.709988835404,1.44937,1.81867,-1.1839,station,,,,529
fixed_lapse,8748,2701.37728504751,7481.676030210499,6193.130172129443,0.70795,0.92479,0.3088,station,,,,531
none,8748,-391.40256394871045,6837.279032013369,5999.338579700838,0.6858,0.88407,-0.04474,station,,,,531
fixed_lapse,8759,-837.0661990041608,3233.431069237549,3881.6546364660007,0.44316,0.60758,-0.09557,station,,,,532
none,8759,400.59719245419967,3171.37474731492,3935.105943964388,0.44926,0.60172,0.04574,station,,,,532
fixed_lapse,8581,-7858.999975847092,17945.178331790918,9451.20145317874,1.10141,1.44612,-0.91586,station,,,,533
none,8581,-7805.725560631551,17909.272124692165,9433.31425547866,1.09933,1.44467,-0.90965,station,,,,533
fixed_lapse,8757,-2014.5930147932324,5678.864698512494,5135.616701493396,0.58646,0.80529,-0.23006,station,,,,534
none,8757,-3226.610700956518,6395.9155566362615,5493.277564717446,0.6273,0.85462,-0.36846,station,,,,534
fixed_lapse,8760,1574.228956397255,7766.394632853085,6168.5916358259965,0.70418,0.94158,0.17971,station,,,,535
none,8760,-2617.612954365281,8219.40020548633,6550.823713082037,0.74781,0.96865,-0.29881,station,,,,535
fixed_lapse,8744,-1962.4699473146343,6417.858414366683,5670.436282237773,0.64849,0.85672,-0.22444,station,,,,536
none,8744,-10366.853482734618,18154.820969362976,11000.595370439669,1.25807,1.44092,-1.1856,station,,,,536
fixed_lapse,8760,-482.02085734432836,13417.514975350417,7738.558226691058,0.8834,1.23761,-0.05503,station,,,,537
none,8760,258.9765174358731,13455.614508758383,7698.681414347021,0.87884,1.23937,0.02956,station,,,,537
fixed_lapse,8749,1780.5226694799267,5893.026279523872,5028.921459858772,0.5748,0.82071,0.20351,station,,,,538
none,8749,-320.4155905485775,5548.171733610845,4940.125140312248,0.56465,0.79633,-0.03662,station,,,,538
fixed_lapse,8743,2191.8465850604925,8781.186547370247,6654.955841019003,0.76118,1.00218,0.2507,station,,,,539
none,8743,-7169.041264902215,15026.791739896864,9440.633458262784,1.07979,1.311,-0.81997,station,,,,539
fixed_lapse,8675,1603.824568155641,9172.581278445808,6885.174826475813,0.79368,1.02828,0.18488,station,,,,540
none,8675,757.7568558727661,8946.354097172425,6635.712873875095,0.76492,1.01552,0.08735,station,,,,540
fixed_lapse,8759,2501.1811407650684,6502.02941611262,5641.6782693850855,0.6441,0.86158,0.28556,station,,,,541
none,8759,1873.0111135395955,6187.988105682152,5556.412847144839,0.63437,0.84052,0.21384,station,,,,541
fixed_lapse,8759,2952.9071994740993,5075.924957701697,5194.545963076924,0.59305,0.76126,0.33713,station,,,,542
none,8759,788.4222174120943,4149.9384688424425,4636.072428677361,0.52929,0.68833,0.09001,station,,,,542
fixed_lapse,8760,1037.3831636966604,3760.3501625190415,4453.951999989746,0.50844,0.65518,0.11842,station,,,,543
none,8760,976.2532589973719,3746.3012937008834,4440.908670287446,0.50695,0.65396,0.11144,station,,,,543
fixed_lapse,8667,-2524.9863864212866,4787.228569808382,4793.152088345558,0.55303,0.7432,-0.29133,station,,,,544
none,8667,-3532.2878354501927,5477.8944637569475,5238.096364780825,0.60437,0.79501,-0.40756,station,,,,544
fixed_lapse,8651,8641.199519355514,27525.461985133534,11088.956013844127,1.28181,1.78375,0.99887,station,,,,545
none,8651,6446.520410614607,23709.61910905189,10518.871690659069,1.21591,1.6555,0.74518,station,,,,545
fixed_lapse,8591,5563.65437696614,7905.072062296584,6680.891958653363,0.77766,0.95925,0.64761,station,,,,546
none,8591,10293.016002672934,16629.494561782874,10567.253471040003,1.23004,1.39129,1.19812,station,,,,546
fixed_lapse,8633,888.316412171323,8898.129479282661,6835.086289403802,0.79174,1.01524,0.1029,station,,,,547
none,8633,468.3046401151923,8805.93953047955,6850.238621041506,0.79349,1.00997,0.05425,station,,,,547
fixed_lapse,8014,-7539.894920202874,18275.57801337838,8764.6656152995,1.09367,1.51012,-0.94084,station,,,,548
none,8014,-5156.049629230914,14504.820819074968,7768.701228185981,0.96939,1.34534,-0.64338,station,,,,548
fixed_lapse,8628,2369.4824672506725,6523.417218035948,5591.003870651938,0.64801,0.86953,0.27463,station,,,,549
none,8628,2836.828551073652,6804.099132452515,5685.966434926013,0.65901,0.88804,0.32879,station,,,,549
fixed_lapse,8558,6146.273495778917,13979.059971042774,8480.723524155663,0.99097,1.27806,0.71819,station,,,,550
none,8558,6496.228135793568,14511.313330509734,8670.908150115012,1.01319,1.30217,0.75908,station,,,,550
fixed_lapse,8717,-2029.047111611663,5822.862720368407,5246.260348192626,0.60184,0.81731,-0.23277,station,,,,551
none,8717,-1801.1071001164087,5717.109585380809,5198.441402236416,0.59636,0.80985,-0.20662,station,,,,551
fixed_lapse,8745,4007.983746367929,8976.917795073012,6738.428045024302,0.77055,1.01317,0.45832,station,,,,552
none,8745,-835.6886771741332,7114.314618630721,6194.15757467912,0.70831,0.90196,-0.09556,station,,,,552
fixed_lapse,8750,-2510.11819510865,10433.511145449946,6915.388851255873,0.79033,1.09197,-0.28687,station,,,,553
none,8750,-10070.426570572185,20749.956222697,10774.543607784632,1.23138,1.53994,-1.15091,station,,,,553
fixed_lapse,6818,2930.8604484260522,12650.207961160726,7401.462525636145,1.08558,1.36214,0.42987,station,,,,554
none,6818,17466.749192517167,57880.09111797953,17915.629201509517,2.6277,2.91364,2.56186,station,,,,554
fixed_lapse,8759,8.08961212084806,8279.293973349313,6321.189739538436,0.72168,0.97223,0.00092,station,,,,555
none,8759,-9662.057703452081,18932.561917690182,11365.562975827983,1.29759,1.4702,-1.1031,station,,,,555
fixed_lapse,8751,883.5533011481314,9669.825510801473,6909.597407250636,0.78958,1.05119,0.10097,station,,,,556
none,8751,-5001.5972771543475,12456.550104850168,8678.982343666918,0.99177,1.19308,-0.57155,station,,,,556
fixed_lapse,8760,3212.590238952539,22149.635079898675,10290.785902393245,1.17475,1.59012,0.36673,station,,,,557
none,8760,-7388.755822203419,27959.60188641366,13148.188882449182,1.50093,1.78654,-0.84347,station,,,,557
fixed_lapse,8752,899.9385719478842,8953.182625046209,6836.8991445927195,0.78118,1.01143,0.10283,station,,,,558
none,8752,-1525.6105338240168,9133.139386548002,6960.325095458746,0.79528,1.02154,-0.17432,station,,,,558
fixed_lapse,8720,3459.3899266485546,15934.144368959678,8458.498743312144,0.97001,1.35178,0.39672,station,,,,559
none,8720,2953.522671144524,15596.549200219375,8414.515876256843,0.96497,1.33738,0.33871,station,,,,559
fixed_lapse,8680,2689.937559499529,18392.82923738134,9067.23204322719,1.04461,1.45567,0.3099,station,,,,560
none,8680,-4097.9046083445555,19509.27460841068,10556.519990165776,1.21619,1.4992,-0.47211,station,,,,560
fixed_lapse,8715,1554.3756021887248,7572.197718529237,5994.068330881735,0.68779,0.93213,0.17836,station,,,,561
none,8715,-7990.732333045438,14812.797389843072,9656.247116276976,1.108,1.30372,-0.91689,station,,,,561
fixed_lapse,8756,-4052.889721480632,14007.948132917074,8726.162927512754,0.99659,1.26484,-0.46287,station,,,,563
none,8756,-16415.116840383027,42889.94198761325,17364.23154649612,1.98312,2.21322,-1.87473,station,,,,563
fixed_lapse,8756,5812.676942065045,10041.268374397045,6675.994275758688,0.76245,1.07088,0.66385,station,,,,565
none,8756,4969.471776826196,8995.942593430735,6275.242206194106,0.71668,1.01361,0.56755,station,,,,565
fixed_lapse,8758,-1724.807963648965,11370.003465386124,6919.499182059292,0.79008,1.1394,-0.19694,station,,,,566
none,8758,-7448.201064663977,17401.15089177394,9799.342098079043,1.1189,1.40957,-0.85045,station,,,,566
fixed_lapse,8600,-896.6528717396104,6691.207104220091,5392.9981438099185,0.62709,0.88207,-0.10426,station,,,,567
none,8600,327.609917775132,6608.031330243217,5510.304547904727,0.64073,0.87657,0.03809,station,,,,567
fixed_lapse,8759,4241.23924657209,7699.681909718549,6508.724887176949,0.74309,0.93758,0.48422,station,,,,568
none,8759,1858.1912378674317,6087.236681732438,5753.429050949329,0.65686,0.83365,0.21215,station,,,,568
fixed_lapse,8760,4555.917035524468,5380.001332706119,5484.635406818955,0.6261,0.78368,0.52008,station,,,,569
none,8760,3766.609470021153,4628.707521357718,4999.832410064525,0.57076,0.72691,0.42998,station,,,,569
fixed_lapse,8759,7093.320027526813,11086.934385435274,8230.617828869932,0.93968,1.12507,0.80983,station,,,,570
none,8759,8176.98820988213,12976.79852145794,9115.876142749763,1.04074,1.21718,0.93355,station,,,,570
fixed_lapse,8752,-5718.655339765483,9204.209285011237,6707.533311011805,0.7664,1.02551,-0.65341,station,,,,571
none,8752,-4445.699230647652,7711.480996372493,6032.876526977726,0.68931,0.93867,-0.50796,station,,,,571
fixed_lapse,8759,5183.39484694193,7203.700908190594,6197.696807063774,0.70758,0.90688,0.59178,station,,,,572
none,8759,2307.604978700478,4741.936197185888,4939.021741947599,0.56388,0.73578,0.26346,station,,,,572
fixed_lapse,8756,2055.791584415358,6365.671136455799,5513.077112568538,0.62963,0.85265,0.23479,station,,,,573
none,8756,-353.84991454561253,5880.394668941821,5452.118046177613,0.62267,0.8195,-0.04041,station,,,,573
fixed_lapse,8760,5828.781723652553,10329.221032452933,7089.981555492354,0.80936,1.08588,0.66539,station,,,,574
none,8760,1994.4060396702596,6892.122585365743,5456.744014922199,0.62292,0.887,0.22767,station,,,,574
fixed_lapse,8740,4405.333046721094,7606.235799667615,6379.519075914457,0.72992,0.93289,0.50404,station,,,,575
none,8740,4744.32308837761,7965.404677364305,6566.226351999865,0.75128,0.95466,0.54283,station,,,,575
fixed_lapse,8760,7220.079448084814,16332.783367632463,8919.815624580306,1.01824,1.36546,0.82421,station,,,,576
none,8760,9554.592420116986,20799.32943863391,10453.521181293323,1.19332,1.54089,1.09071,station,,,,576
fixed_lapse,8726,617.7617033975129,9889.571423772044,7096.670601997018,0.81328,1.06459,0.0708,station,,,,577
none,8726,-3811.7566339292293,11511.713318058428,8274.141461153124,0.94822,1.14858,-0.43683,station,,,,577
fixed_lapse,8496,-391.544344441775,8968.236003993701,6457.726533435535,0.76009,1.02742,-0.04609,station,,,,578
none,8496,-1723.4097920898105,9299.80976784057,6671.030009585556,0.7852,1.04624,-0.20285,station,,,,578
fixed_lapse,8757,6557.457898402717,27064.50498035173,11200.434229991602,1.27903,1.75801,0.74882,station,,,,579
none,8757,18877.829348786774,63113.40694275334,19502.031289525985,2.22702,2.68462,2.15574,station,,,,579
fixed_lapse,8754,-2457.2653979600427,25958.484588843112,10741.596869086572,1.22705,1.72201,-0.2807,station,,,,580
none,8754,-17224.96208180047,59374.96727635493,19211.713693753434,2.19462,2.60434,-1.96767,station,,,,580
fixed_lapse,8758,3263.8285705599787,11284.03870900306,7667.084980916485,0.87544,1.13509,0.37267,station,,,,581
none,8758,-2995.9905862373503,11113.450090736043,7779.951781749017,0.88833,1.12648,-0.34209,station,,,,581
fixed_lapse,8757,-1486.279663170852,5537.5232997802705,5066.901170666781,0.57861,0.79521,-0.16972,station,,,,582
none,8757,5328.774034796149,8582.620345095356,7060.858924503923,0.80631,0.98999,0.60852,station,,,,582
fixed_lapse,8644,2143.4559194156245,11537.488708200843,7724.579008317533,0.89363,1.15531,0.24797,station,,,,583
none,8644,15627.778597119846,39299.03719819438,16597.069425324236,1.92007,2.13223,1.80793,station,,,,583
fixed_lapse,8757,-160.58585939374163,5742.430382224924,5347.432200879146,0.61065,0.80979,-0.01834,station,,,,585
none,8757,472.55753629602737,5765.965208025323,5404.67129384601,0.61718,0.81144,0.05396,station,,,,585
fixed_lapse,8710,-1268.501473266561,7813.988505388335,6134.3564908919325,0.70429,0.94717,-0.14564,station,,,,586
none,8710,-1064.4758918655916,7760.1397018364305,6130.928126340237,0.7039,0.9439,-0.12221,station,,,,586
fixed_lapse,8747,3186.9431953443514,17830.902191493857,10250.221212802924,1.17186,1.42777,0.36435,station,,,,587
none,8747,-7827.7238586030935,23798.32561140444,11641.364960512425,1.3309,1.64947,-0.8949,station,,,,587
fixed_lapse,8743,1661.9765091631368,6471.8572077884555,5709.3630222575275,0.65302,0.86037,0.19009,station,,,,588
none,8743,470.0585290602588,6181.922036907988,5629.417781446852,0.64388,0.84088,0.05376,station,,,,588
fixed_lapse,8750,4253.709491492853,5768.600473661873,5533.898049063161,0.63245,0.81195,0.48614,station,,,,589
none,8750,6176.631498493563,8062.644389085997,6919.927787531927,0.79085,0.95992,0.7059,station,,,,589
fixed_lapse,8747,5556.453878504182,28119.945601850082,11525.339836456591,1.31763,1.79299,0.63524,station,,,,590
none,8747,-3977.3438170769164,26379.066075501767,12851.394158116336,1.46923,1.7366,-0.45471,station,,,,590
fixed_lapse,8742,-2223.220256344159,9162.226875500935,6432.290470769076,0.73579,1.02375,-0.25431,station,,,,591
none,8742,-2632.3882194620073,9336.52985661539,6551.129410596093,0.74939,1.03344,-0.30112,station,,,,591
fixed_lapse,8760,6550.105970474899,10430.698629731767,7369.512360936923,0.84127,1.0912,0.74773,station,,,,592
none,8760,3437.7948030790176,6897.880856731234,5707.858765122576,0.65158,0.88737,0.39244,station,,,,592
fixed_lapse,8760,-5946.727889779962,16851.93632158067,9326.061481466942,1.06462,1.38699,-0.67885,station,,,,593
none,8760,-26647.93648703008,94132.83370815062,26748.37975412024,3.05347,3.27807,-3.042,station,,,,593
fixed_lapse,8680,8585.51852649511,27636.302482427775,11622.474623683842,1.33899,1.78435,0.98912,station,,,,594
none,8680,-5850.858553241789,23253.96564456632,11853.702181757308,1.36563,1.63677,-0.67406,station,,,,594
fixed_lapse,8750,-3563.0744653219126,16445.408208432396,9001.49951941746,1.02874,1.37094,-0.40721,station,,,,595
none,8750,-6648.114862929755,21073.60266925604,11005.43174756601,1.25776,1.55191,-0.75978,station,,,,595
fixed_lapse,8760,-2774.3032318114215,17998.094238146576,9396.32164876885,1.07264,1.43338,-0.3167,station,,,,596
none,8760,-16801.21185514815,60251.683835448115,17776.867167398566,2.02932,2.6226,-1.91795,station,,,,596
fixed_lapse,8758,-3658.471128025895,9251.250023939992,6392.207326644661,0.72987,1.02777,-0.41773,station,,,,597
none,8758,-1204.2872935413739,7902.573571354485,5982.818565737572,0.68313,0.94991,-0.13751,station,,,,597
fixed_lapse,8704,1084.7257133932667,6183.275724723017,5510.086481901535,0.63305,0.84285,0.12462,station,,,,598
none,8704,2011.7049124342916,6510.933343793098,5628.00120578707,0.6466,0.86489,0.23112,station,,,,598
fixed_lapse,8726,9725.368519513424,25510.812677142098,11473.407954631512,1.31485,1.70984,1.11453,station,,,,599
none,8726,11398.445904975571,29556.68085262121,12571.45435108809,1.44069,1.84043,1.30626,station,,,,599
fixed_lapse,8722,57.53055649319797,7646.271514724368,6254.837476593767,0.71713,0.9363,0.0066,station,,,,600
none,8722,1245.440595387569,7817.6676251972785,6443.298446909175,0.73874,0.94674,0.14279,station,,,,600
fixed_lapse,8742,1750.9314768496383,9700.45913914693,6947.312138184992,0.79471,1.05339,0.20029,station,,,,601
none,8742,-2892.213604772339,10302.511919315048,7597.920199438271,0.86913,1.08559,-0.33084,station,,,,601
fixed_lapse,8675,-1614.6364651997123,7164.297859177494,6336.6070514693065,0.73044,0.90877,-0.18613,station,,,,602
none,8675,-1107.7012567606891,6020.419667496329,5633.607976544361,0.64941,0.83306,-0.12769,station,,,,602
fixed_lapse,8756,2657.931260064701,6028.0265845461245,5393.287244656312,0.61595,0.82973,0.30356,station,,,,603
none,8756,1049.2224081885527,5436.450694460851,5200.474177369424,0.59393,0.78796,0.11983,station,,,,603
fixed_lapse,8668,-3454.0431760385845,6434.017749341198,5561.057998558481,0.64156,0.86155,-0.39848,station,,,,604
none,8668,-3377.0194665250306,6374.529194137159,5524.243269061542,0.63731,0.85756,-0.3896,station,,,,604
fixed_lapse,8707,145.8382398310042,5700.5802293932975,5033.440993264445,0.57809,0.80914,0.01675,station,,,,605
none,8707,-999.2747446212313,5831.585203944217,5140.545068267526,0.59039,0.81839,-0.11477,station,,,,605
fixed_lapse,8737,-2986.6104661217196,10281.227192158638,7084.4240541383815,0.81085,1.08478,-0.34183,station,,,,606
none,8737,-3595.4153299061772,10732.1624941407,7304.781900990357,0.83607,1.10831,-0.41152,station,,,,606
fixed_lapse,7905,338.77781195659657,8209.662835582387,5829.6199080410715,0.73746,1.01909,0.04286,station,,,,607
none,7905,-1040.541487915546,8330.24221462238,6021.917003336941,0.76179,1.02654,-0.13163,station,,,,607
fixed_lapse,8760,1513.617296891927,4878.172657832494,4706.845522436379,0.53731,0.74624,0.17279,station,,,,609
none,8760,2887.279641048082,5574.9184254808815,5324.9153846752115,0.60787,0.79775,0.3296,station,,,,609
fixed_lapse,8709,-6921.923834440514,16675.86289365832,8933.673570131527,1.0258,1.38376,-0.7948,station,,,,610
none,8709,-10044.154905852778,22771.73077803251,11039.172617990118,1.26756,1.61701,-1.15331,station,,,,610
fixed_lapse,8736,5071.601652927307,7318.669439105976,6167.895373744794,0.70603,0.91529,0.58054,station,,,,611
none,8736,2966.277644892894,5410.6039610599,5141.70861765788,0.58857,0.78699,0.33955,station,,,,611
fixed_lapse,8759,1825.9212182561248,3740.161795812513,4434.141904356112,0.50624,0.65346,0.20846,station,,,,612
none,8759,-4111.297413873022,5294.307000164994,5402.345935754976,0.61678,0.77746,-0.46938,station,,,,612
fixed_lapse,8749,5237.828887196584,8430.569272159079,6581.535303565326,0.75226,0.98163,0.59868,station,,,,614
none,8749,4935.0632515134985,8081.797880488122,6395.587512514146,0.73101,0.96111,0.56407,station,,,,614
fixed_lapse,8586,-73.72790923035154,5989.281186968944,5487.318222742836,0.6391,0.8352,-0.00859,station,,,,615
none,8586,-6884.903797265074,11515.714279193224,8405.040250205911,0.97892,1.15811,-0.80188,station,,,,615
fixed_lapse,8720,1927.0241823870433,13458.007389078326,8273.920294943062,0.94884,1.24232,0.22099,station,,,,616
none,8720,-3084.897042078591,14056.555445646809,8796.496688451463,1.00877,1.26964,-0.35377,station,,,,616
fixed_lapse,8749,3494.8657927069376,11971.917772732293,7110.313783434199,0.8127,1.16978,0.39946,station,,,,617
none,8749,3069.311255782349,11678.020487102678,7038.738288575536,0.80452,1.15533,0.35082,station,,,,617
fixed_lapse,8735,1888.6922551809027,8121.47902242596,6480.949546443931,0.74195,0.96424,0.21622,station,,,,618
none,8735,5573.719216483977,11278.665386320205,8186.3406227718015,0.93719,1.13631,0.63809,station,,,,618
fixed_lapse,8741,59.261441450279406,2774.391954145697,3631.6746115461115,0.41548,0.56338,0.00678,station,,,,619
none,8741,1032.1008985683638,2893.1988990978134,3721.0769505089747,0.4257,0.57532,0.11808,station,,,,619
fixed_lapse,8760,2269.5180625188973,4993.753568302922,4822.832475462671,0.55055,0.75503,0.25908,station,,,,620
none,8760,-2617.0237295442575,5187.355571221581,5258.133254464576,0.60024,0.76952,-0.29875,station,,,,620
fixed_lapse,8752,402.9669665229257,5609.155823965332,5316.445516628642,0.60745,0.80056,0.04604,station,,,,621
none,8752,-4221.90757075309,7629.980392915569,6516.307712891308,0.74455,0.9337,-0.48239,station,,,,621
fixed_lapse,8759,3540.1981225421428,9547.970080597204,6660.397090862395,0.76041,1.04407,0.40418,station,,,,622
none,8759,5475.525281568762,11610.400652909011,7558.74742858696,0.86297,1.15132,0.62513,station,,,,622
fixed_lapse,8755,-1235.0020837905417,4996.678167106486,4843.114251192435,0.55318,0.75546,-0.14106,station,,,,623
none,8755,-2971.38996072922,5708.271786422079,5208.192630611431,0.59488,0.80747,-0.33939,station,,,,623
fixed_lapse,8757,5296.807418318919,8736.186371781983,6756.319446316028,0.77153,0.99881,0.60487,station,,,,624
none,8757,10686.512390145885,18576.379665895405,11025.588754633496,1.25906,1.45647,1.22034,station,,,,624
fixed_lapse,8748,1639.406646648603,7966.935443484966,6085.371718357889,0.69563,0.95431,0.1874,station,,,,625
none,8748,7946.905377586556,14869.336182604175,9365.791261966673,1.07062,1.30374,0.90843,station,,,,625
fixed_lapse,8724,6628.889758265207,25292.101797331725,10906.053235225463,1.25012,1.70269,0.75985,station,,,,626
none,8724,-2831.1400077105955,21182.61232128609,11471.509435224343,1.31494,1.55823,-0.32452,station,,,,626
fixed_lapse,8146,-4145.293305438181,31943.301486919707,11731.332387782439,1.44013,1.98024,-0.50887,station,,,,627
none,8146,-5878.08445595871,33794.2563046036,12211.636183538378,1.4991,2.0368,-0.72159,station,,,,627
fixed_lapse,8672,-1555.2049677454636,4831.188476249396,4947.579282403311,0.57052,0.74639,-0.17934,station,,,,628
none,8672,-6193.2111842530485,8979.539454367898,7361.031565804819,0.84883,1.01758,-0.71416,station,,,,628
fixed_lapse,8746,2823.040309931004,7550.23765057753,6215.706326738256,0.71069,0.92913,0.32278,station,,,,629
none,8746,4448.623764764339,8904.006518003724,6809.075763547795,0.77854,1.00899,0.50865,station,,,,629
fixed_lapse,8758,755.6778207470678,3291.9068061043245,3844.055108469058,0.43892,0.61309,0.08628,station,,,,630
none,8758,889.0335232537994,3311.0087410471156,3861.650517670185,0.44093,0.61486,0.10151,station,,,,630
fixed_lapse,8732,-864.2810652004156,12388.177361944048,7294.549625735717,0.83538,1.1911,-0.09898,station,,,,631
none,8732,-1027.7854605416564,12422.378179898567,7310.124300764301,0.83716,1.19274,-0.1177,station,,,,631
fixed_lapse,8642,-1000.503908239592,6306.428658460308,5550.835993450981,0.64231,0.85425,-0.11577,station,,,,632
none,8642,-1036.4930996228886,6317.3052425626265,5556.962175068617,0.64302,0.85499,-0.11994,station,,,,632
fixed_lapse,8732,3252.2939403356977,6690.076589734201,5858.596709962591,0.67093,0.8753,0.37246,station,,,,633
none,8732,2966.03424770851,6487.210501852404,5744.18726311841,0.65783,0.86193,0.33967,station,,,,633
fixed_lapse,8751,-1147.8494826044027,5525.3964498924925,5187.121185841183,0.59275,0.79461,-0.13117,station,,,,634
none,8751,-1344.5986111572,5580.547180670961,5202.3300129536565,0.59448,0.79856,-0.15365,station,,,,634
fixed_lapse,8751,2266.827869133148,6837.289187998157,5800.249262243789,0.66281,0.88392,0.25904,station,,,,635
none,8751,1080.5836500717508,6377.203284835017,5649.413790135803,0.64557,0.85366,0.12348,station,,,,635
fixed_lapse,7856,9253.131212271253,57597.65443768493,14919.48909971912,1.89912,2.70771,1.17784,station,,,,636
none,7856,-11322.559606542367,63046.75714387966,19840.875874095098,2.52557,2.8329,-1.44126,station,,,,636
fixed_lapse,8757,1558.7889237908873,6461.401888870165,5752.0276434884645,0.65685,0.85899,0.178,station,,,,637
none,8757,-662.7051947964786,6234.759984187938,5725.921338463864,0.65387,0.84379,-0.07568,station,,,,637
fixed_lapse,8746,992.4636566464036,6901.250648768933,5857.766158606798,0.66977,0.8883,0.11348,station,,,,638
none,8746,8.913597840152306,6790.605144402581,5704.1351139902745,0.6522,0.88115,0.00102,station,,,,638
fixed_lapse,8759,986.3146669067403,6290.510701565526,5506.894439217634,0.62871,0.84745,0.11261,station,,,,639
none,8759,6639.414164049171,11219.024429053617,8332.832192811755,0.95135,1.13175,0.75801,station,,,,639
fixed_lapse,8760,4086.3911261339454,9990.26852762834,6841.621741404705,0.78101,1.06791,0.46648,station,,,,640
none,8760,4467.237974103637,10490.442063721106,7047.046498034456,0.80446,1.09432,0.50996,station,,,,640
fixed_lapse,8758,3391.4167887317026,8150.757894973527,6252.096917085175,0.71387,0.96471,0.38724,station,,,,641
none,8758,1570.6743109011372,7127.405726891557,6025.02115138852,0.68794,0.90212,0.17934,station,,,,641
fixed_lapse,8758,2093.049105036142,4767.743191377542,5190.297241070273,0.59263,0.73783,0.23899,station,,,,642
none,8758,5136.61103639874,7282.6629661254365,6789.792926415386,0.77527,0.91189,0.58651,station,,,,642
fixed_lapse,8757,4860.899324493597,9696.501422310801,6746.182136162564,0.77038,1.05228,0.55509,station,,,,643
none,8757,2718.8972177569085,7835.897514961575,6145.069337890034,0.70173,0.94595,0.31048,station,,,,643
fixed_lapse,8757,1645.8475179442128,3003.4428914250725,3932.5615703816084,0.44908,0.58564,0.18795,station,,,,644
none,8757,-591.2142705261124,2742.9083587064574,3544.151408905034,0.40472,0.55966,-0.06751,station,,,,644
fixed_lapse,8759,9467.545049567412,33841.81201842691,12066.08529691041,1.37756,1.96562,1.08089,station,,,,645
none,8759,1976.359605612052,24200.34962470007,11002.337531266294,1.25612,1.6622,0.22564,station,,,,645
fixed_lapse,8667,2881.5795628728683,11898.229068581153,7610.516684618887,0.8781,1.17167,0.33248,station,,,,646
none,8667,2124.459169860552,11463.673991711696,7522.588174899035,0.86796,1.15008,0.24512,station,,,,646
fixed_lapse,8707,3378.419270279905,7341.0085594523325,5681.55539812039,0.65253,0.91821,0.38801,station,,,,647
none,8707,-2767.94250652866,6860.059504810598,6016.095622424707,0.69095,0.88763,-0.3179,station,,,,647
fixed_lapse,8679,2102.8526783734364,6866.753363800208,5993.247148179776,0.69055,0.88949,0.24229,station,,,,648
none,8679,2317.0049098744075,6897.708620252531,6006.311913756914,0.69205,0.89149,0.26697,station,,,,648
fixed_lapse,8513,3195.43040959134,15439.559631118575,8725.915966873974,1.02501,1.34672,0.37536,station,,,,649
none,8513,3235.658887735642,15463.91461240868,8720.930968995024,1.02443,1.34778,0.38008,station,,,,649
fixed_lapse,8754,-893.6658054396594,3836.205018850391,4191.897567701856,0.47886,0.66198,-0.10209,station,,,,650
none,8754,-2257.02819889241,4375.908673164802,4723.768607165391,0.53961,0.70702,-0.25783,station,,,,650
fixed_lapse,8755,658.5099705914112,5582.719448279274,5149.163811229868,0.58814,0.79854,0.07522,station,,,,651
none,8755,2036.2131157299264,6013.590858211528,5478.783052624532,0.62579,0.82878,0.23258,station,,,,651
fixed_lapse,8675,844.1435325986872,3583.0336566597516,4198.9843541283135,0.48403,0.64267,0.09731,station,,,,652
none,8675,-1610.6085583084587,3794.6551262802386,4291.479844616399,0.4947,0.66138,-0.18566,station,,,,652
fixed_lapse,8757,2770.630780759234,9681.180566908159,6700.001660544829,0.7651,1.05144,0.31639,station,,,,654
none,8757,2006.9193323734307,9265.371754494474,6507.70455959805,0.74314,1.02862,0.22918,station,,,,654
fixed_lapse,8747,-2450.913764476366,12315.100830303189,7546.38702638849,0.86274,1.18656,-0.2802,station,,,,656
none,8747,-1611.613926941938,11925.841698833776,7512.618429056122,0.85888,1.16766,-0.18425,station,,,,656
fixed_lapse,8759,-4295.999271987036,9213.107463327726,6632.072086584505,0.75717,1.02559,-0.49047,station,,,,657
none,8759,-4140.141571399484,9065.116561721068,6565.52888761807,0.74958,1.01732,-0.47267,station,,,,657
fixed_lapse,8560,4499.841384068217,17683.705870217138,8623.362914156714,1.0074,1.43731,0.52568,station,,,,658
none,8560,3570.5561888153507,16768.924676542665,8446.73849209445,0.98677,1.39964,0.41712,station,,,,658
fixed_lapse,8754,-11768.495216803492,97105.50975926484,20931.02651893809,2.39102,3.33057,-1.34436,station,,,,659
none,8754,29876.92132591624,183495.07574116232,35908.83227527477,4.10199,4.57835,3.41295,station,,,,659
fixed_lapse,8759,4988.373835643262,8642.477280147077,6375.25998416502,0.72785,0.99333,0.56951,station,,,,660
none,8759,5026.877368763718,8707.172642864341,6398.89340421727,0.73055,0.99704,0.57391,station,,,,660
fixed_lapse,8645,3759.522287575339,12722.065746659193,7266.829933965981,0.84058,1.2131,0.43488,station,,,,661
none,8645,-1705.7004154296576,12538.907192839022,7601.292273112996,0.87927,1.20434,-0.1973,station,,,,661
fixed_lapse,8658,-1353.952884427871,5782.470947314626,5443.483043462746,0.62872,0.81724,-0.15638,station,,,,662
none,8658,-2096.017498930409,6072.043282755297,5596.1505043158895,0.64636,0.83745,-0.24209,station,,,,662
fixed_lapse,8718,-3576.924503810074,9859.60712494138,7054.78689613934,0.80922,1.06346,-0.41029,station,,,,664
none,8718,-3757.51974001671,10020.073577399267,7140.129907517974,0.81901,1.07208,-0.43101,station,,,,664
fixed_lapse,8718,-442.9782355497758,5079.707651060986,5074.5141021187155,0.58207,0.76333,-0.05081,station,,,,665
none,8718,-1722.2977301582694,5396.65223256271,5249.467994947023,0.60214,0.78678,-0.19756,station,,,,665
fixed_lapse,7315,547.9377590521945,9113.41535602549,6076.900647762217,0.83075,1.11618,0.07491,station,,,,666
none,7315,906.8166093370905,9159.36240354534,6081.862281651916,0.83142,1.11899,0.12397,station,,,,666
fixed_lapse,7641,-2781.7604702435133,15301.702844556863,7961.67997409873,1.04197,1.41512,-0.36406,station,,,,667
none,7641,-459.11109715624127,14316.568920426853,7597.928669565216,0.99436,1.36881,-0.06009,station,,,,667
fixed_lapse,8383,5038.334607457991,9345.466893691571,6776.389280507892,0.80835,1.05585,0.60102,station,,,,669
none,8383,3882.856615082593,8115.8068527255455,6246.946530496427,0.74519,0.98393,0.46318,station,,,,669
fixed_lapse,8740,-1310.9297929792556,15541.663870481869,8762.746810907178,1.0026,1.3335,-0.14999,station,,,,670
none,8740,-15384.928173827822,42757.960538773004,16593.7770403553,1.8986,2.21184,-1.76029,station,,,,670
fixed_lapse,8734,-1488.1538637738977,18157.622064671654,9730.791071754496,1.11413,1.44186,-0.17039,station,,,,671
none,8734,-16939.610614540954,52577.9534931774,18775.939084158144,2.14975,2.45355,-1.9395,station,,,,671
fixed_lapse,8738,1426.4468674804275,5253.029704265399,4669.235277273976,0.53436,0.77535,0.16325,station,,,,672
none,8738,1233.5766249671426,5195.513545495459,4634.411542191322,0.53037,0.7711,0.14117,station,,,,672
fixed_lapse,8759,4184.174803175682,8534.351244048923,6545.461302075299,0.74728,0.98709,0.4777,station,,,,673
none,8759,4562.268827679413,8911.371767635233,6741.477047281818,0.76966,1.00866,0.52087,station,,,,673
fixed_lapse,8737,-9551.878871108864,31565.025296808915,12339.135394460933,1.41229,1.90074,-1.09327,station,,,,674
none,8737,10296.649725620322,33262.11798533794,14615.64471245119,1.67284,1.95116,1.17851,station,,,,674
fixed_lapse,8614,2914.6322291997094,11134.594213019718,7453.729845304576,0.8653,1.13693,0.33836,station,,,,675
none,8614,-164.66528246452071,10152.05032001827,6933.54099347301,0.80492,1.08561,-0.01912,station,,,,675
fixed_lapse,8738,-2265.122799178425,7199.912656117374,5712.724963089105,0.65378,0.90773,-0.25923,station,,,,676
none,8738,1166.6790784890634,6715.933078650556,5908.143350112361,0.67614,0.87669,0.13352,station,,,,676
fixed_lapse,8665,-332.6885291510696,17810.979572895256,9403.098155831824,1.08518,1.4337,-0.03839,station,,,,677
none,8665,-9769.601466905506,28733.156415819856,12395.180506720379,1.43049,1.82099,-1.12748,station,,,,677
fixed_lapse,8747,-6430.940965546701,33854.87360092533,11900.627441070505,1.36054,1.96735,-0.73522,station,,,,678
none,8747,-4703.437267900562,31759.13847934458,11728.254198266437,1.34083,1.90548,-0.53772,station,,,,678
fixed_lapse,8756,245.25282258989114,15629.441170681976,8136.400818041237,0.92924,1.33604,0.02801,station,,,,679
none,8756,7764.760530464909,22490.734974723775,10610.395415871904,1.21179,1.60269,0.88679,station,,,,679
fixed_lapse,8743,1814.82453312024,13894.927477228897,8403.251688434848,0.96114,1.26066,0.20757,station,,,,680
none,8743,-16207.085292493266,43489.58602700275,17361.611416505257,1.98577,2.2303,-1.85372,station,,,,680
fixed_lapse,8742,5974.889423912443,14435.299912405339,8278.014659866463,0.94692,1.28501,0.68347,station,,,,681
none,8742,4862.994379956587,13072.18053422837,7811.010314181512,0.8935,1.22284,0.55628,station,,,,681
fixed_lapse,8756,-10039.985329275758,86412.69581241124,21098.863151508358,2.40965,3.14149,-1.14664,station,,,,682
none,8756,35198.596153777944,216424.84266106205,38554.57966808995,4.40322,4.97165,4.01994,station,,,,682
fixed_lapse,8659,-780.5382878690018,6890.560155285337,5822.137504701358,0.67238,0.89206,-0.09014,station,,,,687
none,8659,-6919.715017260065,12347.521742204797,8438.460546925515,0.97453,1.19414,-0.79914,station,,,,687
fixed_lapse,8395,1324.5965598315993,3023.1510531811255,3786.2773399544603,0.45102,0.60009,0.15778,station,,,,688
none,8395,-2778.7148834304567,3737.243840520062,4435.375838800507,0.52834,0.66721,-0.331,station,,,,688
fixed_lapse,8746,1083.528974915348,4429.052600031164,4719.692721773947,0.53964,0.71162,0.12389,station,,,,689
none,8746,-2593.8305455983736,5038.6750956758415,5225.760795716745,0.5975,0.75902,-0.29657,station,,,,689
fixed_lapse,8760,2403.2977174612033,3524.9271234715334,4276.399833707211,0.48817,0.63434,0.27435,station,,,,690
none,8760,989.6840058842704,2983.0992491978823,3838.776079549816,0.43822,0.58356,0.11298,station,,,,690
fixed_lapse,8707,5888.76499791025,12299.992781533741,7924.787871709311,0.91016,1.18855,0.67633,station,,,,691
none,8707,-504.1311921295807,8345.099229328884,6905.476526894627,0.79309,0.979,-0.0579,station,,,,691
fixed_lapse,8534,4743.697381537998,10298.8144690127,7034.800432129439,0.82433,1.09854,0.55586,station,,,,692
none,8534,2989.842111454439,8706.23853118901,6455.318111940732,0.75642,1.01004,0.35034,station,,,,692
fixed_lapse,8755,-6426.215141448467,56083.790965995475,16467.119560877883,1.88088,2.53099,-0.73401,station,,,,694
none,8755,30441.45051199357,157223.7323885478,33350.015240603156,3.80925,4.23771,3.47704,station,,,,694
fixed_lapse,7753,-15501.032083212054,106034.20265443482,20897.359012778918,2.69539,3.69818,-1.99936,station,,,,695
none,7753,26189.599612970065,163374.0852402755,31518.475202845482,4.06533,4.59047,3.378,station,,,,695
fixed_lapse,8758,1778.9240772908388,14684.988108947764,8939.133829418455,1.02068,1.29489,0.20312,station,,,,696
none,8758,-14293.967103597679,37538.530825914175,15281.412870166889,1.74485,2.07031,-1.6321,station,,,,696
fixed_lapse,8645,-820.5313504755953,3533.682212993171,3957.379919372133,0.45777,0.63934,-0.09491,station,,,,698
none,8645,-638.0851960632481,3500.356389404392,3932.057988608173,0.45484,0.63632,-0.07381,station,,,,698
fixed_lapse,8705,37.03197491591719,3144.67131939186,3835.485590972425,0.44061,0.60104,0.00425,station,,,,699
none,8705,1341.5953882460071,3351.0442150916415,4012.33426729432,0.46092,0.62045,0.15412,station,,,,699
fixed_lapse,8743,433.2879129625361,8951.960439761491,6696.826879242858,0.76596,1.01188,0.04956,station,,,,701
none,8743,-15396.183928756602,36269.63231902637,15895.022563662103,1.81803,2.03677,-1.76097,station,,,,701
fixed_lapse,8621,650.5329927653718,4820.641960021887,4777.314793383829,0.55415,0.74778,0.07546,station,,,,702
none,8621,-1123.1920699601255,4918.394261964581,4862.0087204005395,0.56397,0.75532,-0.13029,station,,,,702
fixed_lapse,8736,-64.05502760532129,5139.050775409319,4874.8360835278145,0.55802,0.76698,-0.00733,station,,,,703
none,8736,139.54435533855232,5165.757997720631,4917.525833013731,0.5629,0.76897,0.01597,station,,,,703
fixed_lapse,8753,4528.17817972751,10851.164977477356,7379.464427316188,0.84308,1.11342,0.51733,station,,,,704
none,8753,4000.449517955697,10337.244488111763,7141.158026918593,0.81585,1.08674,0.45704,station,,,,704
fixed_lapse,8704,-1863.0266694917193,3782.823445609855,4284.361489748648,0.49223,0.65925,-0.21404,station,,,,706
none,8704,-5218.435939124028,6577.372398083745,6105.291135245327,0.70144,0.86929,-0.59954,station,,,,706
fixed_lapse,8756,-1805.7401427775028,3620.4832358165922,3913.7970415336426,0.44698,0.64303,-0.20623,station,,,,707
none,8756,-780.6695983632435,3318.036240902943,3818.340221098657,0.43608,0.61558,-0.08916,station,,,,707
fixed_lapse,8698,862.0143755572997,3406.7315675649293,4011.5418585131647,0.4612,0.62583,0.0991,station,,,,708
none,8698,-367.351237080026,3317.8422378360897,3858.2776018559084,0.44358,0.61762,-0.04223,station,,,,708
fixed_lapse,8750,2671.0768330169058,24142.96111804025,10678.98743824235,1.22046,1.66108,0.30527,station,,,,709
none,8750,-20979.276598059252,73638.2144045111,22898.146461575507,2.61693,2.901,-2.39763,station,,,,709
fixed_lapse,8657,4705.098945248297,5963.806952471461,5537.956822786629,0.63971,0.83,0.5435,station,,,,710
none,8657,1882.5246641733602,3815.563781234255,4120.244437311256,0.47594,0.66389,0.21746,station,,,,710
fixed_lapse,8755,6749.849224593416,10954.816014988657,7799.307757339328,0.89084,1.1186,0.77097,station,,,,711
none,8755,3284.775723144066,6998.886233612305,5896.264290922814,0.67347,0.8941,0.37519,station,,,,711
fixed_lapse,8732,1195.9918933499932,6327.931760535363,5468.042814986611,0.62621,0.85128,0.13697,station,,,,712
none,8732,-2475.039295915619,6877.792553830081,6186.966001611866,0.70854,0.8875,-0.28344,station,,,,712
fixed_lapse,8758,-2794.601190287715,6774.073082381787,6004.311968378282,0.68558,0.87947,-0.31909,station,,,,713
none,8758,-8144.894723492553,13465.284520470534,9189.271606286133,1.04924,1.23995,-0.92999,station,,,,713
fixed_lapse,8736,3042.5903416163596,7777.751138721125,5657.788263415083,0.64764,0.94356,0.34828,station,,,,714
none,8736,2611.323964362602,7498.6471394901055,5532.768663457863,0.63333,0.92648,0.29892,station,,,,714
fixed_lapse,8759,1151.5731872899285,4393.8787688131215,4749.253721643451,0.54221,0.70827,0.13147,station,,,,716
none,8759,856.8419229821536,4326.185765753723,4687.875117079159,0.53521,0.70279,0.09782,station,,,,716
fixed_lapse,8757,6506.263129873535,25236.897274508836,10359.755631546173,1.18303,1.69762,0.74298,station,,,,717
none,8757,-10962.693587018233,34249.232084210955,15214.695345049953,1.73743,1.97764,-1.25188,station,,,,717
fixed_lapse,8701,-1439.5017622796847,7832.843939010213,5665.667342065048,0.65115,0.9488,-0.16544,station,,,,718
none,8701,-1954.945526533086,8045.661523080081,5741.274292702634,0.65984,0.9616,-0.22468,station,,,,718
fixed_lapse,8756,495.5225727348706,4894.623194913572,4921.071497189342,0.56202,0.74766,0.05659,station,,,,719
none,8756,-231.25477391062287,4876.510130590034,4864.179912273549,0.55553,0.74628,-0.02641,station,,,,719
fixed_lapse,8710,-488.56074546595266,13645.705918860594,8062.844403757485,0.9257,1.25167,-0.05609,station,,,,720
none,8710,324.22621780459247,13630.37079122588,8019.029162261,0.92067,1.25096,0.03722,station,,,,720
fixed_lapse,8741,-1576.3282197221656,12274.460786223188,7804.331261759257,0.89284,1.18501,-0.18034,station,,,,721
none,8741,-3041.959676166377,13051.808486037133,8237.47653766365,0.9424,1.22195,-0.34801,station,,,,721
fixed_lapse,8703,-3093.1525848752262,5044.113467706317,4783.683304777145,0.54966,0.7613,-0.35541,station,,,,722
none,8703,-7605.198681668142,10595.007345110136,7880.640889419698,0.90551,1.10336,-0.87386,station,,,,722
fixed_lapse,8583,-2916.403305080949,14362.796532129,8009.264994667422,0.93315,1.2936,-0.33979,station,,,,725
none,8583,-6508.8205212325465,18309.70524750138,9313.787751937727,1.08514,1.46057,-0.75834,station,,,,725
fixed_lapse,8708,-5330.706414685773,12311.657944699871,8170.175124919795,0.93824,1.18905,-0.61216,station,,,,726
none,8708,-7554.156997251121,15636.356144614132,9472.019726233028,1.08774,1.34001,-0.8675,station,,,,726
fixed_lapse,8718,1572.1963794244048,9169.733720434779,6359.895680805719,0.72951,1.02558,0.18034,station,,,,727
none,8718,-6291.469164521921,12947.864841940502,8609.584187124126,0.98756,1.21868,-0.72166,station,,,,727
fixed_lapse,8754,2304.9465852535445,3909.6300460415337,4378.872754149478,0.50021,0.66829,0.2633,station,,,,730
none,8754,1159.6509567289097,3456.835956236114,4095.609851681797,0.46786,0.6284,0.13247,station,,,,730
fixed_lapse,8619,1264.838010438856,5859.978831496033,4943.462835742765,0.57355,0.82455,0.14675,station,,,,731
none,8619,-1366.726538743532,5889.351811432688,5049.430399249177,0.58585,0.82662,-0.15857,station,,,,731
fixed_lapse,8756,934.9971316474081,5654.742678759298,5086.776550978386,0.58095,0.80363,0.10678,station,,,,732
none,8756,5111.2404734654965,8538.176010043044,6871.4260354139915,0.78477,0.98748,0.58374,station,,,,732
fixed_lapse,8505,-3488.6041483891777,9214.63110347193,6282.727909211916,0.73871,1.04088,-0.41018,station,,,,733
none,8505,-1704.0664058820037,8123.751051272319,6008.855682872016,0.70651,0.97733,-0.20036,station,,,,733
fixed_lapse,8728,-267.47220405167576,8853.35506537822,6886.217893660711,0.78898,1.00716,-0.03065,station,,,,734
none,8728,-1665.848520075789,9168.211080297035,7055.0747506413045,0.80833,1.02491,-0.19086,station,,,,734
fixed_lapse,8758,5147.310105635209,29367.66313687426,11741.494922186681,1.34066,1.83119,0.58773,station,,,,735
none,8758,-24020.336910293,100530.00543802799,26938.943074998257,3.07592,3.38802,-2.74267,station,,,,735
fixed_lapse,8706,4192.878772490205,9203.573987855798,6570.175064260195,0.75467,1.02818,0.48161,station,,,,736
none,8706,2688.6983501479463,8012.473665164374,6098.810725710423,0.70053,0.95934,0.30883,station,,,,736
fixed_lapse,8756,-4464.770201202034,9441.101962428103,6348.834452090104,0.72508,1.03839,-0.50991,station,,,,737
none,8756,-2987.950412843671,8186.144152076929,5976.218036698865,0.68253,0.96691,-0.34125,station,,,,737
fixed_lapse,8751,1757.282068988684,7617.089916258939,5954.854619337066,0.68048,0.93297,0.20081,station,,,,738
none,8751,411.22250984598026,7281.710853971628,5832.545550621795,0.6665,0.9122,0.04699,station,,,,738
fixed_lapse,8717,-3002.2106317931657,6918.117682800494,5655.440480081604,0.64878,0.89086,-0.34441,station,,,,739
none,8717,-2932.0432918831143,6869.74099566597,5628.005977840891,0.64564,0.88774,-0.33636,station,,,,739
fixed_lapse,8747,821.6203171718895,7647.798434101883,6392.98004906581,0.73088,0.93506,0.09393,station,,,,741
none,8747,-8727.495715183233,16600.739465634008,10077.44652050599,1.1521,1.37763,-0.99777,station,,,,741
fixed_lapse,8760,-736.3426942197021,3010.7784411577195,3829.9918170561655,0.43721,0.58626,-0.08406,station,,,,742
none,8760,-1025.5585793363603,3068.666024128803,3861.331469615858,0.44079,0.59187,-0.11707,station,,,,742
fixed_lapse,8735,501.22042407662644,8072.1324327468365,5742.264969252568,0.65739,0.96131,0.05738,station,,,,743
none,8735,723.0675081211833,8103.465270495659,5752.10543001037,0.65851,0.96317,0.08278,station,,,,743
fixed_lapse,8759,-451.815092644919,4835.8795375656855,4781.686778557207,0.54592,0.74304,-0.05158,station,,,,744
none,8759,-3743.306178460987,6413.422113745544,5912.721443147932,0.67505,0.85569,-0.42737,station,,,,744
fixed_lapse,8755,1619.0238906324025,11394.328817136455,7014.796229235182,0.80123,1.14082,0.18493,station,,,,745
none,8755,1368.8943511415257,11308.450272124273,7007.101961037662,0.80035,1.13651,0.15636,station,,,,745
fixed_lapse,8752,-3090.741267132737,7885.891358926831,5853.596897752792,0.66883,0.94923,-0.35315,station,,,,746
none,8752,-6164.247554128251,11142.59105498639,7520.9529085907625,0.85934,1.12834,-0.70432,station,,,,746
fixed_lapse,8746,-1454.8931635356087,7321.7921263121525,5765.50284566293,0.65922,0.91496,-0.16635,station,,,,747
none,8746,-1180.3271536224888,7239.809160475563,5748.591643145957,0.65728,0.90983,-0.13496,station,,,,747
fixed_lapse,8759,-1002.5905731496513,5089.093938661243,4856.748263943022,0.55449,0.76224,-0.11446,station,,,,748
none,8759,-3745.882610125507,6583.984741608527,5568.135936156919,0.6357,0.867,-0.42766,station,,,,748
fixed_lapse,8759,-9630.647930883897,19406.34480588646,10267.275415692324,1.1722,1.48849,-1.09951,station,,,,749
none,8759,-10283.248024862918,20889.718211667878,10816.584012921205,1.23491,1.54433,-1.17402,station,,,,749
fixed_lapse,8758,-793.2900770240954,6385.031265298676,5536.933185876835,0.63221,0.85385,-0.09058,station,,,,750
none,8758,-2016.2419749030757,6775.918938788292,5676.257924436904,0.64812,0.87959,-0.23022,station,,,,750
fixed_lapse,8753,2959.0564701020435,4546.883885184941,4497.46765188526,0.51382,0.72074,0.33806,station,,,,751
none,8753,4770.586989807215,6351.577995003097,5748.958826066804,0.6568,0.85185,0.54502,station,,,,751
fixed_lapse,8759,500.17085117625754,4261.74050322316,4653.273066283948,0.53126,0.69754,0.0571,station,,,,752
none,8759,1222.913232816778,4001.72457287774,4520.718851331185,0.51612,0.67592,0.13962,station,,,,752
fixed_lapse,8737,9559.918769996275,43443.29793825095,13045.066444275482,1.49308,2.22987,1.09419,station,,,,753
none,8737,-12189.341543808678,50047.928907332345,18596.0633134443,2.12843,2.39338,-1.39514,station,,,,753
fixed_lapse,8726,1993.1946153898132,5027.096058302748,4683.149119263928,0.53669,0.75902,0.22842,station,,,,754
none,8726,798.4031724377384,4644.440063016328,4567.596940539823,0.52345,0.72956,0.0915,station,,,,754
fixed_lapse,8732,10996.32936389968,43654.46691947813,13941.906026426135,1.59665,2.23593,1.25931,station,,,,755
none,8732,5355.083191932103,33100.84736435764,12618.395396719232,1.44508,1.94699,0.61327,station,,,,755
fixed_lapse,8760,-1100.9578680481866,13448.592903169305,8061.940717802271,0.92031,1.23904,-0.12568,station,,,,756
none,8760,-1596.9063481131948,13594.470965398035,8086.161390059979,0.92308,1.24574,-0.1823,station,,,,756
fixed_lapse,8753,1850.8871750699825,8778.460183235424,6584.905322806585,0.7523,1.00145,0.21146,station,,,,757
none,8753,5562.552932964349,11925.88824690035,8136.88366493128,0.92961,1.16726,0.6355,station,,,,757
fixed_lapse,8759,6122.916003411149,24240.45767527645,10975.42993158114,1.25305,1.66358,0.69904,station,,,,758
none,8759,-9258.174459741289,30197.587833048136,13675.53232738537,1.56131,1.85677,-1.05699,station,,,,758
fixed_lapse,8746,5471.865355188821,19852.282300591654,10384.45455009444,1.18734,1.50661,0.62564,station,,,,759
none,8746,1710.3812744011823,16770.41596458364,9296.834124493176,1.06298,1.38474,0.19556,station,,,,759
fixed_lapse,8720,2971.737882046306,10070.807337003167,7127.192926865742,0.81734,1.07467,0.3408,station,,,,760
none,8720,14767.523927287288,34082.33575803393,15423.362429623568,1.76873,1.977,1.69352,station,,,,760
fixed_lapse,8759,545.4965673083223,5333.812570235707,5050.582648800142,0.57662,0.78035,0.06228,station,,,,761
none,8759,-5049.215005234144,8191.899031541362,6849.9307972423085,0.78204,0.96709,-0.57646,station,,,,761
fixed_lapse,8716,-1086.4479421093629,6112.2683880249415,5402.2065883715,0.6198,0.83742,-0.12465,station,,,,762
none,8716,-481.06280446714646,6095.332288676753,5451.493525692731,0.62546,0.83626,-0.05519,station,,,,762
fixed_lapse,8753,675.6356814935345,5465.444810132312,4821.489564320177,0.55084,0.7902,0.07719,station,,,,763
none,8753,1243.6702010973559,5590.601344421236,4912.8583948938585,0.56128,0.79919,0.14209,station,,,,763
fixed_lapse,8760,6069.983009630901,12980.180193866432,7687.907218579248,0.87761,1.21727,0.69292,station,,,,764
none,8760,12102.025795353238,25490.808485499343,12390.184257640278,1.4144,1.70585,1.38151,station,,,,764
fixed_lapse,8757,2071.678668870869,6840.925034098908,5656.53014961208,0.64594,0.88385,0.23657,station,,,,765
none,8757,473.0093764676011,6376.609362746624,5565.133326098083,0.63551,0.85333,0.05402,station,,,,765
fixed_lapse,8753,-9619.59457146279,33226.23241280042,13117.782410729793,1.49866,1.94833,-1.09901,station,,,,766
none,8753,-6036.302824895732,26818.414418430835,11946.650101933506,1.36486,1.7504,-0.68963,station,,,,766
fixed_lapse,8753,5054.223462854383,13875.492271208494,7799.790337595536,0.8911,1.25906,0.57743,station,,,,767
none,8753,956.5747342869133,11060.450613980896,7347.542334121628,0.83943,1.12411,0.10929,station,,,,767
fixed_lapse,8759,1225.0513755001634,4971.439994663789,4983.446624154925,0.56895,0.75338,0.13986,station,,,,768
none,8759,-5296.797958134447,8012.651809397665,6723.370375578621,0.7676,0.95645,-0.60473,station,,,,768
fixed_lapse,8751,1719.4240901254138,7874.425361612431,5928.984307618611,0.67752,0.94859,0.19648,station,,,,769
none,8751,209.81834819661842,7537.889706013677,5805.973894553738,0.66346,0.9281,0.02398,station,,,,769
fixed_lapse,8759,-4687.322507458491,8529.954840775523,6185.302072130465,0.70617,0.98684,-0.53514,station,,,,770
none,8759,-1883.338195472329,6424.30503407023,5093.046652569192,0.58146,0.85642,-0.21502,station,,,,770
fixed_lapse,8754,5073.304857990832,11622.628869224183,6807.8322315914465,0.77768,1.15226,0.57954,station,,,,771
none,8754,4895.607000281566,11419.9903329898,6710.472565277241,0.76656,1.14217,0.55924,station,,,,771
fixed_lapse,8686,1727.819282115341,11199.594400543767,7587.238190575295,0.8735,1.13551,0.19892,station,,,,772
none,8686,-6084.195529600474,15122.238393055699,9601.563222381432,1.10541,1.31947,-0.70046,station,,,,772
fixed_lapse,8613,-2457.6893420087326,14686.613764716027,7903.0985217739,0.91758,1.30582,-0.28535,station,,,,773
none,8613,-393.21782366076553,13999.344356104546,7980.8244890875285,0.9266,1.2749,-0.04565,station,,,,773
fixed_lapse,8733,322.5703837747568,4600.6442356130665,4598.472986295555,0.52656,0.72582,0.03694,station,,,,774
none,8733,-325.0508579827956,4600.82320491665,4626.951738422388,0.52982,0.72583,-0.03722,station,,,,774
fixed_lapse,8747,3972.341390028565,6189.176916512543,5467.343162122476,0.62505,0.84118,0.45414,station,,,,775
none,8747,2820.3568128177603,5295.041667123291,4949.656922585618,0.56587,0.77805,0.32244,station,,,,775
fixed_lapse,8760,5513.42903315528,13746.081964581543,7960.430033521554,0.90872,1.25267,0.62939,station,,,,776
none,8760,3682.1846731431087,11820.442318996664,7290.516945611134,0.83225,1.16162,0.42034,station,,,,776
fixed_lapse,8480,2670.899996700771,11625.351759100766,7571.537157696916,0.89287,1.17086,0.31496,station,,,,777
none,8480,2134.013708929206,11321.968508822278,7460.494745187853,0.87978,1.15548,0.25165,station,,,,777
fixed_lapse,8755,6692.9369079063,16074.403824290825,8797.047530426182,1.0048,1.355,0.76447,station,,,,778
none,8755,9166.922548763283,20559.117122682186,10384.149950213412,1.18608,1.53241,1.04705,station,,,,778
fixed_lapse,8734,-2074.0693513254296,6922.8943800234665,6025.12956392123,0.68985,0.8903,-0.23747,station,,,,779
none,8734,-11314.686708319892,21151.514922810842,12201.15999336145,1.39697,1.5562,-1.29548,station,,,,779
fixed_lapse,8750,-10612.102161663608,30124.075337744987,13706.447157626011,1.56645,1.85547,-1.21281,station,,,,780
none,8750,-40162.65113740352,202891.24100055284,40191.95154980686,4.59337,4.81535,-4.59002,station,,,,780
fixed_lapse,8733,-2819.1433611556117,6061.371596780716,5589.128062656415,0.64,0.83311,-0.32281,station,,,,781
none,8733,-7811.974775135872,12218.0722761263,8863.594735151779,1.01495,1.18282,-0.89454,station,,,,781
fixed_lapse,8693,4094.3940306635504,13570.422648805212,8051.394964735538,0.92619,1.24943,0.471,station,,,,782
none,8693,-11119.990875811636,25963.043313983093,12776.867433649208,1.46979,1.7282,-1.27919,station,,,,782
fixed_lapse,8756,-931.2021517085893,3829.7145149134,4409.608966447764,0.50361,0.66135,-0.10635,station,,,,783
none,8756,-4675.321632405191,6215.531125976533,5924.63483459787,0.67664,0.84253,-0.53396,station,,,,783
fixed_lapse,8753,-1650.9697228352577,3651.666418668315,4163.869859361267,0.47571,0.6459,-0.18862,station,,,,784
none,8753,-2131.1168231455936,3855.606784254895,4307.581560820373,0.49213,0.66369,-0.24347,station,,,,784
fixed_lapse,8757,-2116.4924077238456,7289.9637629963545,5637.549900138062,0.64378,0.9124,-0.24169,station,,,,785
none,8757,-3011.570529859269,7814.954624499804,5954.7791291469875,0.68,0.94468,-0.3439,station,,,,785
fixed_lapse,8757,2369.488203160875,9329.792216973143,6305.527680483652,0.72006,1.03219,0.27058,station,,,,786
none,8757,1785.956059915769,9053.02351390397,6202.633239046242,0.70831,1.01676,0.20395,station,,,,786
fixed_lapse,8738,5544.484174805107,18340.034523762795,8693.001178204806,0.99485,1.44875,0.63453,station,,,,787
none,8738,3357.013963553327,16111.634201815868,8121.64904602223,0.92946,1.35789,0.38419,station,,,,787
fixed_lapse,8727,645.6140340691219,2608.4188770806,3514.0953475907463,0.40267,0.54671,0.07398,station,,,,788
none,8727,-2730.504409720298,3425.1230468813533,4062.8160678936783,0.46555,0.62648,-0.31288,station,,,,788
fixed_lapse,8760,39.091160436329744,3825.064053394762,4328.128459621398,0.49408,0.6608,0.00446,station,,,,789
none,8760,-265.3682438651225,3833.1344483684206,4332.146679940257,0.49454,0.66149,-0.03029,station,,,,789
fixed_lapse,8737,-8136.722468426095,32858.69668289367,11724.026983521102,1.34188,1.9393,-0.93129,station,,,,790
none,8737,-943.8000074231519,25382.96198286183,11042.286777678686,1.26385,1.70447,-0.10802,station,,,,790
fixed_lapse,8735,-2711.3535010799665,11441.331153017712,7478.581862526754,0.85616,1.14448,-0.3104,station,,,,791
none,8735,-2587.6687120087317,11377.47319708305,7459.419688591521,0.85397,1.14128,-0.29624,station,,,,791
fixed_lapse,8726,-1944.6756251511226,5828.759466336493,5341.086262364489,0.61209,0.8173,-0.22286,station,,,,792
none,8726,-9352.499219459827,15458.386709611752,10355.079301980766,1.18669,1.33099,-1.0718,station,,,,792
fixed_lapse,8674,4406.796711626099,7907.991439530498,6353.415236607578,0.73247,0.95482,0.50805,station,,,,793
none,8674,-1603.8043028528184,6083.115896082122,5379.172323299639,0.62015,0.83744,-0.1849,station,,,,793
fixed_lapse,8760,8467.092732496847,21764.59088263471,10415.09721650726,1.18894,1.57624,0.96656,station,,,,794
none,8760,713.9539172395127,13642.03345186702,8694.929002007986,0.99257,1.24792,0.0815,station,,,,794
fixed_lapse,8756,918.5036565313452,3135.773430993874,3813.1125891202737,0.43549,0.59844,0.1049,station,,,,795
none,8756,-1999.6759584750062,3494.5525455627326,4208.583767643535,0.48065,0.63175,-0.22838,station,,,,795
fixed_lapse,8731,628.9147419928809,13231.462351348393,7573.352348994947,0.86741,1.23104,0.07203,station,,,,799
none,8731,394.80173219917043,13077.187348954398,7533.431202377078,0.86284,1.22384,0.04522,station,,,,799
fixed_lapse,8736,-1649.002242211719,26789.351545758847,11325.392904814824,1.2964,1.75116,-0.18876,station,,,,800
none,8736,-12027.278450326334,43036.62930753369,16818.837534277453,1.92523,2.21954,-1.37675,station,,,,800
fixed_lapse,8754,460.0551762134614,8012.989055980569,5990.253571456699,0.68429,0.95674,0.05255,station,,,,801
none,8754,-435.7462547814049,8012.485091357235,6041.702179758748,0.69016,0.95671,-0.04978,station,,,,801
fixed_lapse,8752,-335.0343858261946,16156.58514040004,7663.864763619961,0.87567,1.35869,-0.03828,station,,,,802
none,8752,-2578.014800522569,16906.723674574372,7525.155400872594,0.85982,1.38988,-0.29456,station,,,,802
fixed_lapse,8760,-2642.261241659811,5475.844388518356,4987.198804761638,0.56931,0.79063,-0.30163,station,,,,803
none,8760,196.07100212137993,4688.0869431074325,4598.579457562082,0.52495,0.73155,0.02238,station,,,,803
fixed_lapse,8759,-1564.0549297117352,16651.312424086274,8698.073744206771,0.99304,1.37879,-0.17857,station,,,,804
none,8759,-4908.4021307682715,19119.865093768574,9344.826276531747,1.06688,1.47746,-0.56038,station,,,,804
fixed_lapse,8753,3829.5168498445396,10697.221156632999,7114.240041246316,0.81278,1.1055,0.43751,station,,,,805
none,8753,8794.84765814159,17864.64446877416,10048.894997687019,1.14805,1.42863,1.00478,station,,,,805
fixed_lapse,8759,-1101.6426314160465,5850.6222537192825,5386.150816395249,0.61493,0.81729,-0.12577,station,,,,806
none,8759,-3079.088828264781,6794.798885157447,5827.778782514174,0.66535,0.88077,-0.35153,station,,,,806
fixed_lapse,8757,8261.952474006972,19676.704040067878,9598.55854465385,1.0961,1.49899,0.94347,station,,,,807
none,8757,3617.704981129388,13378.189278742126,7955.381324152619,0.90846,1.23601,0.41312,station,,,,807
fixed_lapse,8737,-6135.504049392695,20042.900311454272,9670.609121514017,1.10686,1.5146,-0.70224,station,,,,808
none,8737,-8166.439003291645,23367.41857337128,10816.516900719587,1.23801,1.6354,-0.9347,station,,,,808
fixed_lapse,8736,6193.179812926198,22614.259670318803,11236.167914927286,1.28619,1.60892,0.70893,station,,,,809
none,8736,-13816.192133171484,40257.80376990766,15772.858076719262,1.8055,2.14669,-1.58152,station,,,,809
fixed_lapse,8732,1859.2931298854705,7745.96245010124,6071.0970371631465,0.69527,0.94185,0.21293,station,,,,810
none,8732,-925.4456259981393,7498.021148205315,6134.809841603735,0.70257,0.92665,-0.10598,station,,,,810
fixed_lapse,8758,-1374.9337852516148,13160.921691438285,8246.965548262853,0.94165,1.22586,-0.15699,station,,,,811
none,8758,-9874.810549189087,24082.172606780754,12560.90841186029,1.43422,1.65823,-1.12752,station,,,,811
fixed_lapse,8737,7062.144464413319,15287.730369317589,8750.810751469144,1.00158,1.32279,0.8083,station,,,,812
none,8737,4047.098549467071,11449.73782884054,7434.225402926634,0.85089,1.14477,0.46321,station,,,,812
fixed_lapse,8760,4324.426193333175,9045.626885721225,6508.9114438092065,0.74303,1.01617,0.49366,station,,,,813
none,8760,3459.0299883382336,8278.672536358703,6185.970631532648,0.70616,0.97214,0.39487,station,,,,813
fixed_lapse,8755,-2443.393588910739,12586.415972309143,6951.41537433214,0.79399,1.19901,-0.27909,station,,,,814
none,8755,1110.4230013655927,12043.667801560554,7378.823478183552,0.84281,1.17287,0.12683,station,,,,814
fixed_lapse,8755,-3026.3965547089165,6809.459734709302,5839.485020607022,0.66699,0.88192,-0.34568,station,,,,815
none,8755,-5438.252408165302,9144.082473780174,7098.7429383262,0.81082,1.02198,-0.62116,station,,,,815
fixed_lapse,8754,2582.6583164078897,12079.563021285181,7052.63766330142,0.80565,1.17469,0.29503,station,,,,816
none,8754,3321.68296419201,12578.331760817908,7236.46914676175,0.82665,1.19869,0.37945,station,,,,816
fixed_lapse,8760,3582.8777266669395,20787.683067289163,9745.725188185212,1.11253,1.54046,0.409,station,,,,817
none,8760,16798.22555798341,51531.32798514748,18101.084016928482,2.06633,2.4254,1.91761,station,,,,817
fixed_lapse,8749,1110.873144583183,6978.876023862348,5565.095463409256,0.63608,0.89313,0.12697,station,,,,818
none,8749,-1415.5127073246183,7019.8382003643355,5635.602407666587,0.64414,0.89574,-0.16179,station,,,,818
fixed_lapse,8760,1011.7476281746526,10108.174601216817,7050.437040580595,0.80484,1.0742,0.1155,station,,,,819
none,8760,3509.0827206085432,11400.485722899371,7480.059269367827,0.85389,1.1408,0.40058,station,,,,819
fixed_lapse,8759,4073.523806490081,7787.029880844693,6424.495505617806,0.73347,0.94288,0.46507,station,,,,820
none,8759,3359.398861367883,7179.906553867762,6115.697521298612,0.69822,0.90538,0.38354,station,,,,820
fixed_lapse,8729,1688.1680076803657,10249.308998669752,7335.357748363386,0.84034,1.08359,0.1934,station,,,,821
none,8729,-3501.8783010931447,11330.157971523695,8014.004824227551,0.91809,1.13929,-0.40118,station,,,,821
fixed_lapse,8728,-222.92576146421038,9839.808268307625,7157.955699351076,0.82011,1.06178,-0.02554,station,,,,822
none,8728,167.53076734281638,9827.119723315487,7153.415360671905,0.81959,1.0611,0.01919,station,,,,822
fixed_lapse,8698,-1999.395911419614,4021.341060170814,4256.282379997878,0.48934,0.67995,-0.22987,station,,,,823
none,8698,-3520.12561700621,4986.982824601419,4966.683230658942,0.57101,0.7572,-0.40471,station,,,,823
fixed_lapse,8760,1409.6006090655271,6295.245139996,5548.571936436915,0.6334,0.84772,0.16091,station,,,,824
none,8760,-482.650330793563,6080.6589522673685,5245.75011562361,0.59883,0.83315,-0.0551,station,,,,824
fixed_lapse,8749,-2937.2645537284507,5816.035463987699,5135.133099843918,0.58694,0.81533,-0.33573,station,,,,825
none,8749,-7090.622976479939,10598.625851187386,7687.151132696126,0.87863,1.10064,-0.81045,station,,,,825
fixed_lapse,8689,-3220.0375622907095,7777.154364753383,6112.323242907563,0.70346,0.94607,-0.37059,station,,,,826
none,8689,-6024.247059493102,10779.455517970893,7672.924733201157,0.88306,1.11382,-0.69332,station,,,,826
fixed_lapse,8758,-3118.63654649454,5593.931369439919,5098.869791274381,0.5822,0.7992,-0.35609,station,,,,827
none,8758,-5390.339767395115,7800.446165627622,6365.681024802432,0.72684,0.94375,-0.61548,station,,,,827
fixed_lapse,8751,-4616.898116119596,10292.415865380168,6884.39972758801,0.7867,1.0845,-0.52759,station,,,,828
none,8751,-5366.8223302826045,11150.784879607356,7259.589707824478,0.82957,1.12882,-0.61328,station,,,,828
fixed_lapse,8725,6762.671725597719,42528.81785698066,13631.33304319492,1.56233,2.2078,0.77509,station,,,,829
none,8725,-8066.909278099767,44808.99567093873,17058.317237109426,1.95511,2.26621,-0.92457,station,,,,829
fixed_lapse,8758,-2626.3525347357067,12465.486983860912,7781.800066919935,0.88854,1.19303,-0.29988,station,,,,830
none,8758,-6826.76961301818,17003.66890982466,9859.79049066675,1.1258,1.39338,-0.77949,station,,,,830
fixed_lapse,8755,5824.520171507987,23651.16879042389,10771.792290646288,1.23036,1.64361,0.66528,station,,,,831
none,8755,17497.403158226567,54762.91470150857,18254.197841444297,2.085,2.50101,1.99856,station,,,,831
fixed_lapse,8712,-3569.4816720271556,7648.794257753915,6114.347205996115,0.70183,0.937,-0.40972,station,,,,832
none,8712,-3915.3055093881985,7947.174218755909,6271.48462812488,0.71987,0.9551,-0.44942,station,,,,832
fixed_lapse,8702,97.8781778375967,11349.523641891916,7875.774534953413,0.90505,1.14203,0.01125,station,,,,833
none,8702,-4493.785092885451,13666.29990216383,8596.65740071133,0.98789,1.25319,-0.51641,station,,,,833
fixed_lapse,8695,-5409.412230400932,12399.08183565458,7641.148737385301,0.8788,1.19415,-0.62213,station,,,,834
none,8695,-3997.4518871492437,10815.133938090112,7191.346302293227,0.82707,1.11527,-0.45974,station,,,,834
fixed_lapse,8754,2836.495659403941,12615.551576527314,7343.677934211228,0.83889,1.20047,0.32402,station,,,,835
none,8754,-2219.027453049568,12273.304422346295,7905.004979197023,0.90302,1.18407,-0.25349,station,,,,835
fixed_lapse,8704,3225.837197109487,7713.75239917804,6422.967726199019,0.73793,0.9414,0.37062,station,,,,836
none,8704,10977.75241393788,20364.891491075585,11938.437832737702,1.3716,1.52961,1.26123,station,,,,836
fixed_lapse,8748,-1512.9221279981125,9551.04769100645,6514.764198222352,0.74471,1.04489,-0.17294,station,,,,837
none,8748,-2304.1535325464565,9907.748615597218,6655.282679493265,0.76078,1.06422,-0.26339,station,,,,837
fixed_lapse,8755,-6802.521282727571,24914.85130281351,10312.62373180402,1.17791,1.68695,-0.77699,station,,,,838
none,8755,8113.072493844489,27145.965454180896,13215.589581356178,1.50949,1.76086,0.92668,station,,,,838
fixed_lapse,8760,-494.36847554656106,4593.6889241476965,4443.718010941486,0.50727,0.72415,-0.05643,station,,,,839
none,8760,-5660.161508430645,8226.5073284472,7045.766020111255,0.80431,0.96907,-0.64614,station,,,,839
fixed_lapse,8728,3626.0010644484896,8056.6685914536965,6622.009860463654,0.75871,0.96077,0.41544,station,,,,840
none,8728,408.22028869467624,6578.48525536036,5792.023797268331,0.66361,0.86817,0.04677,station,,,,840
fixed_lapse,8744,2939.4621475423737,9764.861632748029,6914.336361334335,0.79075,1.05676,0.33617,station,,,,841
none,8744,590.0968740000937,8833.352949161977,6758.751909561879,0.77296,1.0051,0.06749,station,,,,841
fixed_lapse,8748,4224.154136015674,13026.354750449751,7880.246767767228,0.90081,1.22027,0.48287,station,,,,842
none,8748,8865.929589031599,19972.307888839478,10609.296578464598,1.21277,1.51098,1.01348,station,,,,842
fixed_lapse,8746,-5652.5334408962735,22140.08463848654,9858.709958950261,1.12723,1.59105,-0.6463,station,,,,843
none,8746,-3900.465366108394,20227.523512266303,9531.608945733455,1.08982,1.52078,-0.44597,station,,,,843
fixed_lapse,8758,4750.265242990987,11918.657120503238,6929.797599436441,0.79125,1.16657,0.54239,station,,,,845
none,8758,1468.7319893308988,9585.446165197673,6705.19419484656,0.76561,1.04617,0.1677,station,,,,845
fixed_lapse,8758,-3071.9911212363254,6922.835289289323,5673.786026152479,0.64784,0.88908,-0.35076,station,,,,846
none,8758,-2240.5657536683902,6426.566323331093,5520.189448503474,0.6303,0.85662,-0.25583,station,,,,846
fixed_lapse,8760,5336.828206502502,10408.3033579477,7029.843594578766,0.80249,1.09003,0.60923,station,,,,847
none,8760,5018.3019304830905,10029.60594777258,6864.077030243039,0.78357,1.07002,0.57287,station,,,,847
fixed_lapse,8760,849.0114153459456,6718.395018056227,5353.7993047404125,0.61116,0.87575,0.09692,station,,,,848
none,8760,-17.679525830942794,6636.347167309228,5355.996719349256,0.61142,0.87039,-0.00202,station,,,,848
fixed_lapse,8759,-360.2982020472308,4321.738785156357,4614.063934374089,0.52678,0.70243,-0.04113,station,,,,849
none,8759,-2152.8949077978136,4835.172500756301,4863.06396488644,0.55521,0.74298,-0.24579,station,,,,849
fixed_lapse,8540,7975.747848273374,36319.23882053011,12430.180535601627,1.45552,2.06224,0.93393,station,,,,850
none,8540,-5243.799357772142,32003.987406460506,13584.17632906184,1.59065,1.93586,-0.61403,station,,,,850
fixed_lapse,8749,11273.194693163688,84117.90162880045,19593.83716260791,2.23955,3.10074,1.28851,station,,,,851
none,8749,10944.515920573951,83289.90974172472,19516.351388432144,2.2307,3.08544,1.25094,station,,,,851
fixed_lapse,8703,-9654.081937031739,106002.44257838551,23225.42673191922,2.66867,3.48998,-1.10928,station,,,,852
none,8703,-12113.041756630251,112152.56122149082,23968.97565538648,2.7541,3.5898,-1.39182,station,,,,852
fixed_lapse,8700,-3270.8774891905937,32623.71486391239,12613.113320265096,1.44978,1.93645,-0.37596,station,,,,853
none,8700,24687.767691213507,101452.52974224673,26909.515928610363,3.09305,3.41485,2.83767,station,,,,853
fixed_lapse,8667,-5322.545857950263,16910.36288595205,8449.211508861044,0.97487,1.39683,-0.61412,station,,,,854
none,8667,-592.8977535722709,13688.613475132835,8044.959745063878,0.92823,1.25674,-0.06841,station,,,,854
fixed_lapse,8759,-3424.0354943525203,7754.246337892882,6352.046103176608,0.7252,0.9409,-0.39092,station,,,,855
none,8759,-6729.697478996033,11791.10938342059,8007.270285637964,0.91418,1.16025,-0.76832,station,,,,855
fixed_lapse,8663,-8280.944911566889,38643.18080219002,13247.622903063402,1.52922,2.11204,-0.9559,station,,,,856
none,8663,13063.885369530948,50449.00890900564,18146.96871143811,2.09477,2.41319,1.50801,station,,,,856
fixed_lapse,8756,5132.387085283939,14192.784733504071,8050.863490699664,0.91947,1.27315,0.58616,station,,,,857
none,8756,4299.949243214239,13296.384045415814,7729.904562078865,0.88281,1.23229,0.49109,station,,,,857
fixed_lapse,8525,1250.9263275678675,11192.347486917279,6560.453246090874,0.76955,1.14581,0.14674,station,,,,858
none,8525,-1991.1036488058462,11467.399980031581,7583.3343074419245,0.88954,1.15981,-0.23356,station,,,,858
fixed_lapse,8758,-5682.18728450895,30060.51238349882,11968.25975624409,1.36655,1.85266,-0.6488,station,,,,859
none,8758,13866.343505629748,48361.647840137564,18027.039040589283,2.05835,2.34989,1.58328,station,,,,859
fixed_lapse,8759,-7506.623833949939,16098.230409724458,8571.706420904657,0.97862,1.35569,-0.85702,station,,,,860
none,8759,-7717.686017606509,16470.044321097655,8711.487515087314,0.99458,1.37126,-0.88111,station,,,,860
fixed_lapse,8745,-1484.5731367490343,7646.644830789503,6076.857659442672,0.6949,0.93509,-0.16976,station,,,,861
none,8745,-9982.834428627399,18784.735790163257,11302.213696167293,1.29242,1.46562,-1.14155,station,,,,861
fixed_lapse,8714,2538.736561859523,5567.084915636209,4900.649740338697,0.56239,0.79929,0.29134,station,,,,862
none,8714,4644.300952103822,7314.04150723039,6133.519139489607,0.70387,0.91616,0.53297,station,,,,862
fixed_lapse,8760,1598.7459012453992,19132.054019584943,10173.099051423158,1.16131,1.47784,0.18251,station,,,,863
none,8760,-32429.287654261207,138876.9060674085,32660.014208511788,3.72831,3.98165,-3.70197,station,,,,863
fixed_lapse,8752,-9186.504643914795,14557.89663843908,9494.143187341511,1.0848,1.28972,-1.04965,station,,,,864
none,8752,-12378.597705762588,22428.196511007573,12497.023239206097,1.4279,1.60082,-1.41437,station,,,,864
fixed_lapse,8759,4966.145902717205,18695.695804236315,9911.47846368459,1.13158,1.46098,0.56698,station,,,,865
none,8759,-29193.986554115625,113471.70904770901,29407.678741152653,3.35742,3.59929,-3.33303,station,,,,865
fixed_lapse,2232,1745.0900733183796,4484.128680418635,2209.451493979984,0.9899,1.4174,0.78185,station,,,,866
none,2232,57.70892575228132,3128.269214337179,1840.076564161993,0.82441,1.18387,0.02586,station,,,,866
fixed_lapse,8758,-3699.5618627068197,17446.076217529724,8005.1679688565855,0.91404,1.41139,-0.42242,station,,,,867
none,8758,640.1540736695808,15914.228454584018,8584.351007989137,0.98017,1.348,0.07309,station,,,,867
fixed_lapse,8724,-3463.884400512497,14891.04166519677,7715.982658919145,0.88445,1.30649,-0.39705,station,,,,868
none,8724,3559.809898942219,14989.093397149238,9267.815449673039,1.06234,1.31078,0.40805,station,,,,868
fixed_lapse,8598,-534.3011277348892,12837.21867089044,7222.15697659844,0.83998,1.2219,-0.06214,station,,,,869
none,8598,-9584.48386441511,23606.428201584495,11624.753926109868,1.35203,1.65698,-1.11473,station,,,,869
fixed_lapse,8678,2430.1726790695225,14455.981324067725,7366.903541171878,0.84892,1.29067,0.28004,station,,,,870
none,8678,8160.91504952742,21416.18205772731,10234.480006662443,1.17936,1.57095,0.94041,station,,,,870
fixed_lapse,8743,-355.7419608370572,10532.268705005483,6764.440746041567,0.7737,1.09757,-0.04069,station,,,,871
none,8743,15062.765722707909,36462.765505508236,15651.393736320217,1.79016,2.04218,1.72284,station,,,,871
fixed_lapse,8759,-10395.789495463712,62155.173674840466,17305.300199055393,1.97572,2.66386,-1.18687,station,,,,872
none,8759,27602.47823468507,136802.55116837626,30642.955876014134,3.49845,3.95203,3.15133,station,,,,872
fixed_lapse,8747,195.62364279145834,5150.97237798144,4997.566518258895,0.57135,0.76739,0.02236,station,,,,874
none,8747,-1079.1581913334821,5229.145593739989,5009.961105282488,0.57276,0.77319,-0.12337,station,,,,874
fixed_lapse,3856,-3892.334920737025,42589.89760579859,10261.738871831803,2.66124,3.32342,-1.00942,station,,,,875
none,3856,29359.320935730542,262471.9897488225,29536.73580011944,7.65994,8.25036,7.61393,station,,,,875
fixed_lapse,8760,-7613.107216757624,24154.214918150403,11375.763684680416,1.2986,1.66052,-0.86908,station,,,,876
none,8760,-15476.413426883588,44708.55881483474,16839.485763601453,1.92232,2.25914,-1.76671,station,,,,876
fixed_lapse,8740,339.11379006658547,3002.02772933861,3641.3479026426344,0.41663,0.58607,0.0388,station,,,,877
none,8740,-3152.706610730396,4118.218023639998,4666.683197568209,0.53395,0.68643,-0.36072,station,,,,877
fixed_lapse,8757,-12108.085523185242,53737.36106903327,16173.986480774238,1.84698,2.4772,-1.38268,station,,,,878
none,8757,20634.76476213435,85745.0968881825,23972.46430694164,2.73752,3.12915,2.35637,station,,,,878
fixed_lapse,8759,-3324.6198503153955,9760.453543306001,7133.130899288833,0.81438,1.05562,-0.37957,station,,,,881
none,8759,-3258.26348815799,9708.819769673404,7113.948309945251,0.81219,1.05282,-0.37199,station,,,,881
fixed_lapse,8757,-1194.1418193396507,9046.0637428127,6203.845671543882,0.70844,1.01637,-0.13636,station,,,,882
none,8757,3109.174686366924,9986.518765964605,7172.696597822005,0.81908,1.0679,0.35505,station,,,,882
fixed_lapse,8736,-322.34879687803937,6169.422124385216,5333.46657983388,0.61052,0.84036,-0.0369,station,,,,883
none,8736,3006.0493904738746,7374.723546904607,6429.588581906662,0.73599,0.91879,0.3441,station,,,,883
fixed_lapse,6558,-412.06629232756677,4513.134450867784,4048.3637529630205,0.61732,0.82957,-0.06283,station,,,,884
none,6558,-12175.861938481066,27047.049675686354,12224.00537633857,1.86398,2.03083,-1.85664,station,,,,884
fixed_lapse,8722,21642.4658740837,60968.2878664734,21694.657055488256,2.48735,2.64389,2.48137,station,,,,885
none,8722,2371.303541948126,8023.3446905424735,6424.2942540642325,0.73656,0.95911,0.27188,station,,,,885
fixed_lapse,8730,-1516.9744460591776,5267.7585234608805,5071.3498653082315,0.58091,0.77679,-0.17377,station,,,,886
none,8730,-1807.2786927319517,5375.745975849471,5161.610291673736,0.59125,0.78472,-0.20702,station,,,,886
fixed_lapse,8754,-5544.378669496023,12451.742620809322,7766.264957867516,0.88717,1.19265,-0.63335,station,,,,888
none,8754,-5455.897795913214,12339.534764523449,7729.525886115849,0.88297,1.18726,-0.62325,station,,,,888
fixed_lapse,8706,3498.4416760254444,15072.786270110975,8590.832836581607,0.98677,1.31579,0.40184,station,,,,889
none,8706,-621.1502035062834,13777.392941550748,9436.737015700792,1.08393,1.25798,-0.07135,station,,,,889
fixed_lapse,8718,-1606.6373430982196,3657.817576673472,4030.492445860747,0.46232,0.64774,-0.18429,station,,,,890
none,8718,-3058.334964419183,4488.283383883938,4695.845431040622,0.53864,0.71752,-0.35081,station,,,,890
fixed_lapse,8755,-1445.8910136716831,3750.84712726683,4109.709178222515,0.46941,0.65454,-0.16515,station,,,,892
none,8755,-3636.37833333922,5032.617902796073,5220.127221090776,0.59625,0.75817,-0.41535,station,,,,892
fixed_lapse,8759,283.31795434389653,16923.537840790323,9311.8595667228,1.06312,1.39001,0.03235,station,,,,893
none,8759,-18682.806913311404,57290.967725299444,19945.839992754074,2.27718,2.5575,-2.13298,station,,,,893
fixed_lapse,8751,4816.943967370529,15385.680928682625,8606.371020215685,0.98347,1.32596,0.55044,station,,,,898
none,8751,-18.319520255177935,12744.137369031647,7736.156816752399,0.88403,1.20678,-0.00209,station,,,,898
fixed_lapse,8750,-10131.163330261152,27570.18142037292,11938.043005646661,1.36435,1.77507,-1.15785,station,,,,899
none,8750,-9412.946024874977,25966.31802456017,11503.077588822487,1.31464,1.72267,-1.07577,station,,,,899
fixed_lapse,8755,2298.6166431818824,8905.869805866198,6638.771905306654,0.75828,1.00858,0.26255,station,,,,900
none,8755,-984.3905349221308,8411.078633797935,6393.389786608375,0.73026,0.98016,-0.11244,station,,,,900
fixed_lapse,8759,576.1947359712551,16155.706243718847,8038.944225133419,0.91779,1.35811,0.06578,station,,,,901
none,8759,2492.3794212959356,16829.607132858673,8124.935845268092,0.92761,1.38615,0.28455,station,,,,901
fixed_lapse,8747,3426.5749474061213,12688.24159444838,7925.2777419803215,0.90606,1.2044,0.39174,station,,,,902
none,8747,-4367.055463588985,13536.918942518083,8798.867782766865,1.00593,1.24403,-0.49926,station,,,,902
fixed_lapse,8760,497.34395982027615,6136.357764873381,5305.97411277699,0.6057,0.83696,0.05677,station,,,,903
none,8760,522.0988082618071,6139.347126118124,5305.531254176829,0.60565,0.83716,0.0596,station,,,,903
fixed_lapse,8756,2297.7831383678417,8902.291678381407,6323.847407462505,0.72223,1.00832,0.26242,station,,,,904
none,8756,-5117.890137473888,11284.169696171288,8376.55778340682,0.95666,1.13522,-0.5845,station,,,,904
fixed_lapse,8759,1542.3608254017017,7883.12286620257,6210.724869408271,0.70907,0.94868,0.17609,station,,,,905
none,8759,129.70605724899485,7616.646103401202,6110.800363343835,0.69766,0.93251,0.01481,station,,,,905
fixed_lapse,8759,6005.320038450633,17557.522128968187,9998.325729417387,1.14149,1.41581,0.68562,station,,,,906
none,8759,-13288.087721213482,33605.37534070159,14490.05347126531,1.6543,1.95874,-1.51708,station,,,,906
fixed_lapse,8759,-6945.097701524136,27729.528793886308,11377.442809967446,1.29894,1.77928,-0.79291,station,,,,907
none,8759,-6474.816242813459,27004.99197541571,11202.941226855184,1.27902,1.75588,-0.73922,station,,,,907
fixed_lapse,8760,5215.2894100106105,19238.028320644637,9372.43246681227,1.06991,1.48193,0.59535,station,,,,908
none,8760,1272.3652298818747,16319.562379475055,9302.676080011512,1.06195,1.3649,0.14525,station,,,,908
fixed_lapse,8753,-939.5302623199823,10553.393663931854,7180.574249997727,0.82036,1.09804,-0.10734,station,,,,909
none,8753,2008.4404944251226,10913.934569407418,7209.817753820097,0.8237,1.11664,0.22946,station,,,,909
fixed_lapse,8635,-562.567107200898,12151.055645215734,7380.814614115152,0.85476,1.18625,-0.06515,station,,,,910
none,8635,-1749.4584097485451,12500.489327172183,7767.214903585208,0.8995,1.20318,-0.2026,station,,,,910
fixed_lapse,8737,-2647.1989115175893,10200.384880166339,7349.214549686131,0.84116,1.08051,-0.30299,station,,,,911
none,8737,-1260.0114330473518,9582.022828649984,6985.866721514262,0.79957,1.04724,-0.14422,station,,,,911
fixed_lapse,8758,1520.1300298997005,13653.558236081592,7926.4475129666735,0.90505,1.24859,0.17357,station,,,,912
none,8758,-10515.267623096659,26012.3898438026,13065.554790859427,1.49184,1.72341,-1.20065,station,,,,912
fixed_lapse,8760,3017.1969472235523,10348.591313669338,7138.236547083403,0.81487,1.0869,0.34443,station,,,,913
none,8760,2063.8235697747928,9789.1131880116,6970.036814999475,0.79567,1.05711,0.2356,station,,,,913
fixed_lapse,8760,-2429.645976780797,10724.858276634157,7050.75363571991,0.80488,1.10648,-0.27736,station,,,,914
none,8760,-3840.726546969486,11818.57617372615,7382.8577335317805,0.84279,1.16153,-0.43844,station,,,,914
fixed_lapse,8758,3119.081448196205,9951.957924095123,6736.52854153454,0.76919,1.06599,0.35614,station,,,,915
none,8758,3158.729084892803,9976.918026473044,6749.048882334495,0.77062,1.06732,0.36067,station,,,,915
fixed_lapse,8646,-5569.84205306501,15871.602917021915,8228.134558839161,0.95167,1.35489,-0.64421,station,,,,916
none,8646,-11830.66096039157,28470.234303214147,12569.12739147435,1.45375,1.81463,-1.36834,station,,,,916
fixed_lapse,8758,5473.0882231707765,17364.25074978257,9530.911789686132,1.08825,1.40807,0.62492,station,,,,917
none,8758,4764.079935296457,16539.891740337975,9242.125855766906,1.05528,1.37424,0.54397,station,,,,917
fixed_lapse,8759,1071.0356784753917,7995.419421918412,5871.588699840153,0.67035,0.95542,0.12228,station,,,,918
none,8759,-2093.4086715821954,8373.8982207123,6636.331911297677,0.75766,0.97777,-0.239,station,,,,918
fixed_lapse,8755,-3591.6060384714892,5425.075569269737,5180.240412709439,0.59169,0.78718,-0.41023,station,,,,919
none,8755,-3333.4414244740556,5221.021309290589,5040.053993817669,0.57568,0.77224,-0.38075,station,,,,919
fixed_lapse,8731,6673.1529476362375,13524.387546536407,8344.606681014946,0.95574,1.24459,0.76431,station,,,,920
none,8731,5012.782229975465,11302.316323863879,7428.177852248988,0.85078,1.13776,0.57414,station,,,,920
fixed_lapse,8731,-2923.6741924798985,10619.905646664592,7417.5124861070235,0.84956,1.10288,-0.33486,station,,,,921
none,8731,-4516.860484093679,12001.626905689103,8023.697041249619,0.91899,1.17243,-0.51734,station,,,,921
fixed_lapse,8757,397.6275206993563,7220.63261642845,6067.792575812773,0.69291,0.90805,0.04541,station,,,,922
none,8757,3036.75254630257,8258.2469701253,6543.995670396007,0.74729,0.97111,0.34678,station,,,,922
fixed_lapse,8756,-431.26550984419487,10406.46503078259,6905.036611493222,0.78861,1.09018,-0.04925,station,,,,923
none,8756,-242.37806061370628,10399.361864868732,6903.296341052011,0.78841,1.08981,-0.02768,station,,,,923
fixed_lapse,8759,3890.4529721911913,30832.109655255786,10928.277615560526,1.24766,1.87618,0.44417,station,,,,924
none,8759,1881.1599548197412,29539.45499171382,11157.610215660463,1.27385,1.83643,0.21477,station,,,,924
fixed_lapse,8750,3371.943619073807,8375.033795093212,6464.035899079163,0.73875,0.97834,0.38536,station,,,,925
none,8750,843.5471198625005,7157.117740789794,5849.731140612403,0.66854,0.90441,0.09641,station,,,,925
fixed_lapse,8760,870.6378411657048,7866.255429891026,6204.215422621179,0.70824,0.94762,0.09939,station,,,,926
none,8760,-967.2708252872303,7887.158534170085,6176.394759230739,0.70507,0.94887,-0.11042,station,,,,926
fixed_lapse,8753,858.2498940083718,6921.380762527305,5889.010439384554,0.6728,0.88924,0.09805,station,,,,927
none,8753,1864.2768973721516,7233.318527652807,6085.079315950889,0.6952,0.90906,0.21299,station,,,,927
fixed_lapse,8759,1162.5524807522245,8026.527745195042,6078.355026950749,0.69396,0.95727,0.13273,station,,,,929
none,8759,7519.721714354583,14327.891565658152,9431.693697370456,1.0768,1.27898,0.85851,station,,,,929
fixed_lapse,8331,-1391.9540608893465,10781.216749773821,7365.765500653646,0.88414,1.13759,-0.16708,station,,,,930
none,8331,-2817.671843424779,11510.335695617734,7698.18508786441,0.92404,1.17543,-0.33822,station,,,,930
fixed_lapse,8264,-2127.314897597347,14382.23228723276,7981.817602554572,0.96585,1.31922,-0.25742,station,,,,931
none,8264,407.0383515906351,13834.58990397914,8308.425086269654,1.00538,1.29386,0.04925,station,,,,931
fixed_lapse,8755,-2782.020614423704,8258.699998817683,6396.617194374156,0.73062,0.97124,-0.31776,station,,,,932
none,8755,-9967.011296484769,18740.936886641914,10895.912550165864,1.24454,1.46308,-1.13844,station,,,,932
fixed_lapse,8760,7979.958926092622,20271.727515469618,10168.672169717442,1.16081,1.52122,0.91095,station,,,,933
none,8760,6206.38379229732,17401.98675660368,9293.000739037807,1.06084,1.40944,0.70849,station,,,,933
fixed_lapse,8760,5733.683154443276,15444.374822075046,8361.97892205178,0.95456,1.3278,0.65453,station,,,,934
none,8760,2172.001121900761,12244.205309999927,7175.786137127848,0.81915,1.18226,0.24795,station,,,,934
fixed_lapse,8759,3675.4968995845948,5947.913419693693,5433.914599668966,0.62038,0.82405,0.41963,station,,,,935
none,8759,3094.195654522614,5498.65661586842,5143.648357138465,0.58724,0.79232,0.35326,station,,,,935
fixed_lapse,8757,-1145.9930781378919,6270.30148654525,5043.266608077738,0.57591,0.84619,-0.13087,station,,,,936
none,8757,-739.1785183566399,6183.3942596056295,5021.771933949121,0.57346,0.8403,-0.08441,station,,,,936
fixed_lapse,8650,-1488.4390396841384,15812.368370256563,8690.022438288517,1.00463,1.35204,-0.17207,station,,,,937
none,8650,-3819.8520750919483,17189.672051666967,8939.06127945766,1.03342,1.4097,-0.4416,station,,,,937
fixed_lapse,8680,-1174.8850618339372,4582.537832088567,4555.503889757603,0.52483,0.7266,-0.13536,station,,,,938
none,8680,-2784.3840058974088,5342.989771329529,4962.997314530749,0.57177,0.78457,-0.32078,station,,,,938
fixed_lapse,8726,5969.388385839085,24947.342136078125,10484.865300203452,1.20157,1.69085,0.68409,station,,,,939
none,8726,4338.275596210895,23005.517531773326,10079.431246535572,1.1551,1.62371,0.49717,station,,,,939
fixed_lapse,8760,-405.1837113735878,5226.085665361481,5165.879724434701,0.58971,0.77239,-0.04625,station,,,,940
none,8760,-1400.7013631259695,5454.199623181948,5179.119341735962,0.59122,0.78907,-0.1599,station,,,,940
fixed_lapse,8757,-938.9605105410953,3434.872490986458,4075.834454821525,0.46544,0.62629,-0.10722,station,,,,941
none,8757,-4228.123923180494,5376.925422421214,5526.051827431002,0.63104,0.78359,-0.48283,station,,,,941
fixed_lapse,8701,-1758.6722009287023,4213.251607710493,4531.37028649562,0.52079,0.69586,-0.20212,station,,,,942
none,8701,-3174.8784922256364,5043.998523197131,5065.045751085372,0.58212,0.76138,-0.36489,station,,,,942
fixed_lapse,8754,-3761.021792660422,20188.53353260001,9992.765826772196,1.14151,1.51862,-0.42963,station,,,,943
none,8754,16090.86760227649,48173.05072945177,18241.354185578646,2.08377,2.34584,1.83812,station,,,,943
fixed_lapse,8757,-194.62993833223072,5655.9644729691645,4986.761013969076,0.56946,0.80367,-0.02223,station,,,,944
none,8757,-575.1881043914187,5689.268087213684,4979.230211176491,0.5686,0.80603,-0.06568,station,,,,944
fixed_lapse,8702,-5882.445019306232,18190.943380794346,8823.033612616808,1.01391,1.44583,-0.67599,station,,,,945
none,8702,-2501.098981699469,14926.828884160754,8239.574054052353,0.94686,1.30971,-0.28742,station,,,,945
fixed_lapse,8747,3239.4161148794274,25535.527394175213,12052.171041807407,1.37786,1.70861,0.37035,station,,,,946
none,8747,-21040.55723470628,75541.35622936112,22291.703385981025,2.5485,2.93875,-2.40546,station,,,,946
fixed_lapse,8727,1992.9795352029523,11532.014113399156,7274.7887567417265,0.8336,1.14953,0.22837,station,,,,947
none,8727,-663.2767189356817,11127.28953200169,7142.581448194033,0.81845,1.12918,-0.076,station,,,,947
fixed_lapse,8744,5238.739524478452,18856.95197877126,9570.784341413688,1.09455,1.46852,0.59912,station,,,,948
none,8744,-8144.746419172706,23327.810084415152,11930.653978424172,1.36444,1.63336,-0.93147,station,,,,948
fixed_lapse,8546,-2360.9075396719063,29877.04325899673,12236.65932367471,1.43186,1.86977,-0.27626,station,,,,949
none,8546,-17793.446527075394,66179.97916864237,21689.525802516393,2.53797,2.7828,-2.08208,station,,,,949
fixed_lapse,8704,-2436.966485999242,5322.943556315295,5419.438874037493,0.62264,0.78202,-0.27998,station,,,,950
none,8704,-12719.033100896027,23444.22845549952,13147.673978362407,1.51053,1.64119,-1.46129,station,,,,950
fixed_lapse,8736,-132.39118234415278,13010.82043708017,7187.097034259946,0.8227,1.22038,-0.01515,station,,,,951
none,8736,-3183.9053313545146,14242.454387849797,7513.50609485519,0.86006,1.27684,-0.36446,station,,,,951
fixed_lapse,8760,2143.530582085987,9054.947444861722,6719.543840956062,0.76707,1.0167,0.2447,station,,,,953
none,8760,654.789816871754,8580.598455425172,6541.244071612975,0.74672,0.98971,0.07475,station,,,,953
fixed_lapse,8757,-9648.542772407498,24690.9086414581,10188.87042453137,1.16351,1.67916,-1.10181,station,,,,954
none,8757,-9472.529586509152,24287.920874967665,10048.667820603918,1.1475,1.6654,-1.08171,station,,,,954
fixed_lapse,8752,-1643.0343040651921,5616.459296738981,5005.650618377313,0.57194,0.80108,-0.18773,station,,,,964
none,8752,13.934470951119366,5306.935409497931,5076.983371769586,0.58009,0.7787,0.00159,station,,,,964
fixed_lapse,8744,-3161.4919809218636,15752.936502799039,7884.774855185689,0.90174,1.34223,-0.36156,station,,,,965
none,8744,3202.3325916851295,15840.93427443199,9280.051947327553,1.06131,1.34597,0.36623,station,,,,965
fixed_lapse,8745,20.15600169744198,11958.316339277044,8066.630819080868,0.92243,1.16938,0.0023,station,,,,966
none,8745,1127.1051258997772,12065.80263848281,8055.023911189085,0.9211,1.17462,0.12889,station,,,,966
fixed_lapse,7134,-608.7403198118233,18226.665726226423,8812.373557522444,1.23526,1.59841,-0.08533,station,,,,967
none,7134,1839.8412274382279,18653.565764661744,8884.512858668462,1.24538,1.61702,0.2579,station,,,,967
fixed_lapse,8758,344.3100859783387,5435.925979865183,5136.937300394908,0.58654,0.78783,0.03931,station,,,,970
none,8758,-974.2435596848845,5515.251867406675,5031.187041584396,0.57447,0.79356,-0.11124,station,,,,970
fixed_lapse,8622,2462.873364626879,15957.077193863868,8385.40178880058,0.97256,1.36042,0.28565,station,,,,972
none,8622,512.0853240675106,15288.097662474773,8327.624635624588,0.96586,1.3316,0.05939,station,,,,972
fixed_lapse,8165,2515.134920199752,9337.461991082611,6781.499920154862,0.83056,1.06939,0.30804,station,,,,973
none,8165,-4181.272175828564,10707.355762619829,7815.009080742565,0.95714,1.14515,-0.5121,station,,,,973
fixed_lapse,8720,1054.655018834876,7797.333545869504,5779.482984258025,0.66278,0.94562,0.12095,station,,,,974
none,8720,-1730.508462211113,8014.6253851872825,5995.389386732112,0.68754,0.9587,-0.19845,station,,,,974
fixed_lapse,7857,918.9681669968041,3364.370254858031,3830.6449954819586,0.48755,0.65437,0.11696,station,,,,977
none,7857,-2033.7195286529482,3789.13586324242,4226.548541817465,0.53793,0.69445,-0.25884,station,,,,977
fixed_lapse,8748,-8002.3152245164965,17956.873722190216,9475.536195466557,1.08317,1.43272,-0.91476,station,,,,978
none,8748,-10209.664976214272,22543.845821477928,11053.479791331974,1.26354,1.60531,-1.16709,station,,,,978
fixed_lapse,8760,771.0242911006862,12326.895524292435,7785.265940442041,0.88873,1.18625,0.08802,station,,,,980
none,8760,-23607.444031609986,104514.33899127731,23727.12989229009,2.70858,3.45411,-2.69491,station,,,,980
fixed_lapse,8706,4779.4446350630715,11761.179260943494,7131.118388373163,0.8191,1.16229,0.54898,station,,,,989
none,8706,2048.991823606778,9570.767088952633,6318.939565813877,0.72581,1.04849,0.23535,station,,,,989
fixed_lapse,8720,610.5923612209848,3448.552099677923,3863.706032248837,0.44309,0.62887,0.07002,station,,,,990
none,8720,-3326.832202933764,5044.480464511905,5307.475687034483,0.60866,0.76059,-0.38152,station,,,,990
fixed_lapse,8759,616.8788335274407,4328.8712523987115,4515.484132055778,0.51553,0.70301,0.07043,station,,,,991
none,8759,-418.40983340929034,4303.053103741708,4534.442273617308,0.51769,0.70091,-0.04777,station,,,,991
fixed_lapse,8760,6770.9417199367745,15200.42607895183,8480.439698285676,0.96809,1.31727,0.77294,station,,,,992
none,8760,4395.842358564331,12160.941613528208,7597.526652533098,0.8673,1.17823,0.50181,station,,,,992
fixed_lapse,6454,175.48676021517156,1988.8961733273168,2666.1811241380046,0.41311,0.55513,0.02719,station,,,,993
none,6454,2386.6572806897857,2925.6863511436504,3533.0654194285444,0.54742,0.67329,0.3698,station,,,,993
fixed_lapse,8716,86.5170115739233,6767.31543007242,5834.34178452735,0.66938,0.88115,0.00993,station,,,,994
none,8716,-418.509659033126,6789.03029229247,5837.346549198879,0.66973,0.88256,-0.04802,station,,,,994
fixed_lapse,8759,1471.624073183454,10777.646652074163,7520.03168191667,0.85855,1.10926,0.16801,station,,,,995
none,8759,-570.7023518372573,10578.159108531418,7268.348231775739,0.82981,1.09895,-0.06516,station,,,,995
fixed_lapse,8756,-3542.7264477244803,28258.60765922087,11334.85906047813,1.29452,1.79648,-0.40461,station,,,,996
none,8756,6342.796395576758,31404.656142801534,14308.696596650612,1.63416,1.89384,0.72439,station,,,,996
